Palabra,Cantidad_Videos
CA,120
UP,60
TRIP 2,52
DOG,44
BASKETBALL,43
WHAT FOR,42
TRIP,39
BELT,39
DARK,38
HOSPITAL,38
DEAF,38
MECHANIC,38
DEMAND,38
BITE,38
BREAKFAST,38
BEE,38
EAT,38
CHRISTMAS,38
SHAVE,38
MOVIE,38
FOREIGNER,38
PATIENT 2,38
ELEVATOR,38
FINE,38
ROCKING CHAIR,38
PARTY,38
NIGHT,38
DOWNSIZE,37
MICROSCOPE,37
DECIDE,37
BELIEVE,37
LUNCH,37
RESEARCH,37
AXE,37
NOON,37
TYPE,37
RIVER,37
LETTUCE,37
RECENT,37
DRAG,37
EDIT,37
CALENDAR,36
TWINS,36
BACKPACK,36
DINNER,36
CONFUSED,36
GUESS,36
THIRD,36
SPECIAL,36
CANCER,36
HALLOWEEN,36
CLOUD,36
LOCK,36
CANCEL,36
THEY,35
TAKE OFF,35
DEVELOP,35
CEMETERY,31
STICKY,31
MOTHER,31
EACH,31
BOY,31
SPEAKERS,31
CHARACTER,31
BASEBALL CAP,31
CALL TTY,31
WHICH,31
FAVORITE,31
ALPHABET,31
SANDWICH 4,31
CANCELLATION,31
NAME,31
BASKET 2,31
BASEMENT,31
BRAIDS,31
VIDEOPHONE,31
FRIENDLY,31
HOPE,31
FARM,31
NORTH,31
MEDITATE 2,31
HELMET,31
CLOSE,31
WEAR,31
FOUR,31
PEEKABOO,31
RIGHT 2,31
PULL CONVINCE,31
FINISH,31
WANT 2,31
EXPLANATION,31
STEAL,31
HEARING,31
BOTTLE,31
COVER UP,31
CIGARETTE,31
HEALTH,31
STOMACH,31
DEPEND ON,31
WOMAN,31
BATH,31
THIEF 1,31
EUROPE,31
EMBARRASS,31
PONDER,31
RED,31
PERSON,31
ADVERTISE,31
MOTORCYCLE,31
FLUTE,31
SURPRISE,31
ANGRY,31
TEAM,31
CORN 2,31
SKATE,31
CHOCOLATE,31
ZOOM OFF,31
FAIL,31
CONCEPT,31
STRANGE,31
CABINET,31
LATER,31
5 DOLLARS,31
CHANNEL,31
APPEAR,31
PAIN,31
BEHAVIOR,31
WORM,31
BACK OUT,31
MAYBE,31
AUTISM,31
GREECE,31
WORK,31
BUTTERFLY,31
DANCE,31
SERVE 1,31
GREEN,31
BLOOD,31
TEXT,31
JOKE,31
KING,31
BRIDGE,31
PLAY,31
CATEGORY,31
COMPLEX,31
WHAT 2,31
AND,31
MAIL,31
WORK OUT,31
SHINY,31
LAUGH,31
FAULT,31
TRAVEL,31
SCARED,31
BOWL,31
INVITE,31
RAIN,31
CAPTURE,31
ENTER,31
COCACOLA,31
SINK,31
HUSBAND,31
GRENADE,31
APPLE,31
ALL OF_SUDDEN,31
THINGS,31
EGG BEATER,31
EGYPT,31
SOCIETY,31
SAME 2,31
WISH,31
CLEAR,31
ANYONE,31
THAT,31
CHEESE GRATER,31
ALARM,31
FRACTION,31
LIGHTER,31
SEW,31
UNDERSTAND,31
DRESS,31
OTHER,31
CL,31
CREDIT CARD,31
CASTLE 4,31
HELLO,31
CANDY 2,31
TRAIN,31
FALL 2,31
IMPORTANT,31
UNIVERSITY,31
GONE,31
DROWN 4,31
COOKIE,31
WRISTWATCH 2,31
TEMPTATION,31
MUSTACHE,31
LOOK APPEARANCE,31
ACTION,31
KANGAROO,31
WINK,31
CHAIN,31
EXPERIENCE,31
COCAINE,31
ABOUT,31
DO DO,31
TROUBLE,31
SOCCER 2,31
TAKE CARE,31
BRAVE,31
SLOW,31
DISAPPEAR,31
VIEW,31
AFTER,31
BORROW,31
MORNING,31
FILTER,31
CHEEK,31
CHASE,31
WHY,31
MEASURE,31
LIPSTICK,31
GIFT,31
ERASE 5,31
FALLING ASLEEP,31
FEW,31
VERY INTERESTED,31
RECORDING,31
WHO,31
SWITZERLAND,31
BROTHER,31
PSYCHOLOGY,31
BECAUSE,31
SSHH,31
FUTURE,31
PEPSI,31
TWO,31
CATHOLIC,31
SUSPECT,31
BOXING,31
CITY,31
GULLIBLE,31
VOTE,31
SHOP 1,31
HAMMER,31
ENEMY,30
NORMAL,30
JUNIOR,30
SUBTRACT,30
HOWL,30
PIZZA,30
CHEW 3,30
BITE ON_ARM,30
ORGANIZATION,30
TINY,30
HIPPO,30
AWKWARD,30
SPICY,30
ONE MORE_2,30
WINDOW,30
SAW,30
BED 2,30
MIX,30
SQUIRREL,30
EIGHT,30
GLOW,30
DELICIOUS,30
COOL,30
PERFUME,30
BOIL,30
SOMETHING,30
SPIDER,30
SNORKEL,30
ADVANTAGE,30
CUT 1,30
EVERY NIGHT,30
SHARK 2,30
JUICE 2,30
TONGUE,30
MOSQUITO,30
SWEATER 2,30
LOLLIPOP,30
CLICK,30
KEY,30
ONLY ONE,30
STRAWBERRY 3,30
WELCOME,30
SNOWSUIT,30
TECHNOLOGY,30
ALIGN,30
DEEP,30
FINANCE,30
SLICE 2,30
LAY DOWN,30
BINOCULARS,30
SYMPATHY,30
BATHROOM,30
HAT 2,30
THIEF 2,30
RABBIT 2,30
LOCK 3,30
PRIORITY,30
FOLD 2,30
BUS,30
HAIRDRYER 2,30
SNEEZE 2,30
VACATION,30
CORN 3,30
INFLUENCE,30
RULE,30
TOILET,30
SHIRT,30
TEAR RIP_1,30
IMPOSSIBLE,30
9 OCLOCK,30
REMOTE CONTROL,30
KANGAROO 2,30
FAST,30
TOY 3,30
CONTACT LENS,30
LETTER 2,30
TIE 2,30
GLASSES,30
SECRETARY,30
BOWTIE,30
SKATEBOARDING 3,30
JEWISH,30
STING,30
FRENCHFRIES,30
EGG,30
BEANIE,30
GLOVE,30
RIGHT 1,30
HAPPY,30
CASTLE 3,30
GARAGE,30
HEAP,30
BECOME,30
MICROSCOPE 3,30
BOTTOM,30
GRASS,30
SPREAD 3,30
SUMMARIZE,30
WHATEVER,30
SHOCKED,30
FLASHLIGHT 1,30
8 HOUR,30
ROCK,30
LOOK AT,30
GREET,30
CONCERNED,30
CLIMB LADDER,30
FORK,30
CAN,30
GUILLOTINE,30
STRING,30
BOILING MAD,30
GAS,30
DOUBT,30
LUNGS,30
LONG WORD,30
YAWN 1,30
PRIEST,30
HELP,30
PHYSICS,30
ALWAYS,30
A LITTLE BIT,30
TUBE,30
TIME,30
COMMITTEE,30
MESS,30
BRIGHT,30
PICK 2,30
OFFEND,30
COMPLAIN,30
SLIDE 2,30
BREAD,30
RELIGION,30
SOUP,30
SHOOT 2,30
HOW,30
IN,30
SMELL MONEY,30
WIND,30
SAME TIME,30
HOTDOG,30
GRAPES,30
WHISTLE 3,30
CREAM,30
STRAWBERRY,30
CASTLE,30
FALL 1,30
ENERGY,30
DUCK,30
INDEPENDENT,30
MOCK,30
HONEY 1,30
CHOPSTICKS,30
CALL 2,30
ADMIT,30
INCH,30
COUGH,30
SHARPEN 3,30
CRY,30
SKIN,30
GORILLA,30
VITAMINS,30
CROSS 2,30
ABSOLUTELY NOTHING,30
BAKE 1,30
MARIONETTE,30
TENNIS,30
ARM,30
WELCOME 2,30
NOT A_THING,30
LION,30
LEARN,30
LONG LINE,30
CRUMPLE,30
MONEY,30
LICK ENVELOPE,30
IT,30
RADIO,30
HEAVEN,30
PURPLE,30
VACUUM,30
SEE,30
PANCAKE,30
PRETEND,30
HANUKKAH,30
CHAT,30
GUITAR,30
HANDSOME,30
DOCTOR 2,30
BIOLOGY,30
SWING,30
MIX 2,30
SALT,30
POP 3,30
DRYER,30
FORGETFUL,30
CRY 2,30
CLOSET 1,30
FOND,30
NUT,30
NECKLACE,30
LINE BOB,30
TIME TO_TIME,30
MEAT 2,30
CHOP,30
MEDITATE,30
PICTURE,30
SCREAM,30
SUSPEND,30
WEEK,30
WHEELCHAIR,30
MUSEUM,30
ZOO,30
DONT WANT,30
OSTRICH,30
ONE,30
JEALOUS,30
SHOULDER 3,30
OIL,30
LEARN LESSON,30
HOLD ACCOUNTABLE,30
DIFFERENT SITUATION,30
LIGHTNING,30
QM,30
DECORATE 2,30
SUNRISE,30
PAINTBRUSH,30
PRECIOUS,30
BAT 2,30
CLOCK 2,30
CAR BATTERY,30
SPONTANEOUS,30
GERMANY,30
STORY 1,30
HOP,30
GIVE UP,30
CIRCUSWHEEL,30
GOING THROUGH_A_HARD_TIME,30
SARCASTIC,30
PARACHUTE 2,30
REGISTER,30
NIECE,30
COMMENT,30
SUPPORT 1,30
WASH 3,30
BLOOM,30
DOWNHILL,30
MIDDLE,30
LATE,30
VISITOR,30
WONDER,30
SHORT DISTANCE,30
ARIZONA,30
MYSELF,30
CARVE,30
EARRING,30
WINDMILL,30
DECLINE,30
LOUSY,30
STRETCH 1,30
SNEEZE,30
BAG,30
ORANGE,30
ANALYZE,30
UPLOAD,30
RULER,30
FRECKLES,30
GO BACK_AND_FORTH,30
LICK 1,30
PILLOW 2,30
RETIRE,30
PIZZA 2,30
PROJECT,30
FORK 3,30
ANNOUNCE,30
BURY 1,30
STOP,30
SMILE,30
WHAT 1,30
IMAGINE 2,30
KNOW,30
THAN,30
CARROT,30
HEN,30
GAMBLE,30
DEMOTE,30
EYEGLASSES,30
BOSS,30
ROAST,30
SMELL,30
CAKE,30
KNIGHT,30
BELL,30
SPACE,30
VIOLIN,30
HOT,30
SISTER,30
MATH,30
PRAYER,30
SQUEEZE,30
TIGER,30
JIGSAW PUZZLE,30
UPSET,30
SCARCELY,30
BANDAGE,30
FLOWER,30
HOE,30
DRESSER,30
PIZZA CUTTER,30
PRICE,30
VAIN,30
CAMCORDER,30
KEYBOARD,30
CHURN,30
BRING,30
TEAR RIP_2,30
BREAKDOWN,30
OFF,30
CURTSEY 2,30
FORK 2,30
SHAKE,30
HAMSTER,30
HEAD,30
DRAWER,30
FOOL,30
FACE,30
MEDICINE,30
WASTE,30
PROMOTE,30
LAND,30
DESTROY,30
TIRED OF,30
BLOW,30
JAPAN,30
BATTERY,30
ME,30
MAGAZINE,30
CAMPING,30
POLICEMAN,30
STAND 2,30
MEXICAN,30
CHALLENGE,30
ASIA,30
CHARGE,30
HAWAII,30
OWE,30
PENCIL,30
ROW,30
BRAINSTORM,30
SENATE,30
WINTER,30
STAIRS,30
STINK,30
SOON,30
PIE,30
PLUG 2,30
CONFIDENTIAL,30
BEAVER,30
MIRROR,30
MCDONALDS,30
DRINK,30
FLASHLIGHT 3,30
HATCH 2,30
WHISPER,30
POSSUM,30
ROPE,30
SHARE,30
THANKSGIVING,30
POLICY,30
STOCKINGS,30
MODEL 1,30
DISCUSS,30
CAROUSEL,30
SMART,30
EARLY,30
BULL,30
SANTA,30
PERSUADE,30
INTRODUCE,30
STARS,30
UNDERWEAR,30
OPINION 2,30
SOCIALIZE,30
VIDEOCAMERA,30
HIT 1,30
KISS FIST,30
FOREVER,30
DEAF SCHOOL,30
SUPERIOR,30
SUPERVISOR,30
PAPER,30
MASCARA,30
UNDERGRADUATE,30
BETTER,30
FIND,30
REMOVE,30
MAN,30
PEEL 3,30
POINT INDEX,30
WORLD,30
ACCORDION,30
CROSS HEART,30
BANANA 3,30
AT,30
FOURTH,30
NICE,30
PISSED OFF,30
METAL,30
SIDE,30
PLAN,30
SHARPEN 1,30
NEW,30
HUNGRY,30
PEACH,30
MIND TURNED,30
PITCHER,30
GUIDE,30
KISS,30
CAREFUL,30
BORED,30
PLUG,30
PUMPKIN,30
BRIDGE 2,30
BANK,30
GET IN_BED,30
EXPECT,30
POUR 2,30
DONT LIKE,30
SINCE,30
EMPHASIS,30
END,30
SIDEBURNS,30
ARM 3,30
JACKET 2,30
SOPHISTICATED,30
CHAMPION,30
SPAIN,30
DONT MIND,30
BIRD,30
NAIL CLIPPER,30
CORNER,30
DIG UP,30
SPILL 2,30
PLEASE,30
SIGNATURE,30
WRITE,30
GROW,30
ITALY,30
STACK 4,30
AUDITORIUM,30
VIBRATE,30
FILE 2,30
PIANO,30
RELEASE,30
SMALL,30
BISON,30
ARMY,30
BUDGET,30
RANGE,30
CROSS 3,30
TOY 1,30
COOL 3,30
TRACTOR,30
FAR,30
HANDSOME 1,30
TEENAGER,30
FEEL,30
HERE,30
TURKEY 2,30
PEPPER,30
WEIGH,30
GO TO_JAIL,30
ANSWER,30
PUNISH,30
GO THROUGH,30
VALLEY,30
TEND YOUR,30
PROPELLER 1,30
GUILTY,30
MAPLE,30
SURGEON,30
HANDCUFFS,30
PAGE,30
SCRUB,30
PLUNGER,30
WEAK,30
ARREST,30
INSTITUTE,30
HINGE,30
PATIENT,30
DISRUPT,30
MACHINE,30
COUSIN,30
CLOTHES,30
SMOOTH,30
CRY 3,30
DISLIKE,30
BACHELOR,30
PUSH,30
SAIL 2,30
POOP,30
POP 2,30
EASY,30
RECITE,30
MEAN 1,30
PAPERCUTTER,30
BARELY,30
DONT KNOW,30
DIG,30
SPIT OUT,30
WRING,30
TALK,30
THEN,30
HANDSOME 4,30
POWDER,30
ONION,30
COPY,30
CORN 1,30
DRIP,30
MICROWAVE,30
SWIM,30
NEAR,30
ARTICLE,30
NOSE,30
KITTEN,30
GLUE 2,30
COINS,30
LIST,30
COMMUNICATION,30
TRANSLATE,30
BIG,30
PEN,30
ACCOUNTANT,30
SPACESHIP,30
FOUL,30
QUIET,30
EAST,30
WATER SKI,30
STRIPE,30
NAPKIN,30
SNEAK ADVENTURE,30
COUNTRY,30
LICENSE,30
GRAY,30
US,30
BACK,30
INTEREST,30
GLASS 2,30
CATEPILLAR,30
MOUSE,30
BOW,30
GATE,30
MOTIVATION 1,30
LOST,30
RIGHT 3,30
TRUE,30
BED,30
CLEFTCHIN,30
PANTS 2,30
SPOON,30
DIVORCE,30
DONT FEEL_LIKE,30
WRAP UP,30
LIPREAD,30
ORANGE THROAT,30
CANNOT,30
GALLAUDET,30
DIVIDE,30
MAID,30
TWO MORE,30
MINE,30
TAIL 2,30
PEOPLE,30
WASH DISHES,30
HOLD TOGETHER,30
SCULPTURE,30
TOBACCO,30
AREA,30
YOYO,30
ABOVE,30
WIN,30
ALCOHOL,30
PARAGRAPH,30
IMPROVE,30
FRONT,30
SURF,30
TRUTH,30
LIVING ROOM,30
FOX,30
CUT REMOVE VID,30
SCRATCH,30
GOLF,30
ORANGE EYES,30
EASEL,30
EITHER,30
TRUCK 2,30
FROWN 2,30
SPAGHETTI,30
WITCH,30
WE,30
COMB,30
GLOVES,30
FAIR,30
PINEAPPLE 5,30
SWEETHEART,30
SAILBOAT,30
SIX,30
PINEAPPLE 2,30
EYES AWAKE,30
WHERE,30
WE WILL_SEE,30
KITCHEN,30
BASEBALL,30
THINK CHIN,30
CAMERA,30
BALD,30
HALL,30
INHALE,30
WEDDING,30
PARENTS,30
GO,30
FISH,30
STREET,30
MAGNIFY 2,30
PLUS,30
DIE,30
CLOWN,30
FORBID,30
GET THROUGH,30
FLOAT 3,30
TICKET,30
SEE SEE,30
WEDNESDAY,30
HEADACHE,30
FLIP,30
FILL OUT,30
AVOID,30
CELLPHONE,30
TEASE,30
READ,30
LIE,30
PRINT,30
PEAS 2,30
AMERICA,30
HOODIE 1,30
LEAVE ALONE,30
RESIGN,30
NOT YET,30
ENGINE START,30
HIDE,30
NOT INTERESTED,30
SHEEP,30
OVERWHELMED,30
DENY,30
SKATEBOARDING 2,30
HUMMINGBIRD,30
GUN 2,30
STATE,30
LIGHT 2,30
EYE TURN,30
AUNT,30
ALL GONE,30
SEEM,30
DRILL,30
SLIPPER,30
HOSE,30
PEACE,30
LET ME_SEE,30
THANK YOU,30
WILL GO,30
ATTITUDE,30
HABIT,30
JUDGE,30
PEG 3,30
BUTTER,30
MONDAY,30
PITY,30
ESCAPE,30
COMB 2,30
TALK 2,30
SCREWDRIVER 3,30
GRAMMAR,30
BULLSHIT,30
CLASH,30
YELLOW,30
REACT,30
PLATE,30
PARACHUTE,30
HATE,30
SHELF,30
REST ALL_DAY,30
SKILL,30
PROTECTION,30
PLANET,30
GOOSEBUMPS,30
MOVE,30
WALL,30
WANDER,30
ALL OVER,30
ADD,30
PLAYGROUND,30
CLOSE EYES,30
WHIP,30
TEACHER,30
POPCORN,30
ALRIGHT,30
IGNORE,30
GROUP,30
SENTENCE 2,30
MAINSTREAM,30
CLAP,30
QUALITY,30
PILE,30
SUCK THUMB,30
WHALE,30
SUSHI,30
DEVOUR,30
SKI,30
IDENTITY,30
SET UP,30
PEG,30
VOMIT,30
SCOLD,30
SWORD,30
MUCH,30
PREFER,30
SITUATION,30
LAST,30
SOPHOMORE,30
HEADPHONES,30
LAZY,30
METAPHOR,30
SLIP,30
CONTINUE,30
LAPTOP,30
TTY,30
FRINGE,30
DRAGON,30
LEMON,30
RAKE,30
WHOLE,30
EVERYDAY,30
COUNT,30
FANTASY,30
TUESDAY,30
IMAGINE,30
BOWLING 2,30
MOVE DOWN,30
PIPE,30
STIR,30
ERASER,30
EXERCISE,30
CLEAN,30
BEACH,30
PERFECT,30
SUCK,30
SKATEBOARDING,30
WALK 2,30
SCOOP,30
STEP,30
CATCH 3,30
TRADITION,30
SNAP,30
PIPE 2,30
FRAUD,30
NINE,30
BLINDS 2,30
ROSE,30
PRIDE,30
SHOULDER,30
MIND,30
VOICE,30
COME HERE,30
DISAPPOINT,30
MORE,30
MONEY 2,30
PLACE,30
GET TOGETHER,30
PEACH 2,30
ELEGANCE,30
GRIEVE,30
HEADCOLD,30
RECORD,30
SHIRT 2,30
ROBOT,30
SAUSAGE,30
EARTHQUAKE,30
YEAR,30
LIBRARY,30
BOUNCE,30
WHEN,30
WHISTLE,30
CONNECTION,30
TOAST,30
EXAMPLE,30
FROG,30
MEMORIZE MEMORIZE,30
PINK,30
NOTHING,30
HYPOCRITE,30
WRISTWATCH 3,30
TAKE NOTES,30
LEATHER,30
POSSIBLE,30
RUN,30
TIE UP_2,30
SEAL,30
BASIC,30
MAKE,30
PECK,30
STRANGLE,30
TOMATO,30
BLOW MIND,30
SCULPT,30
EVERY YEAR,30
PINCH,30
RIDE 2,30
WRISTWATCH,30
ZERO,30
GLOVES 3,30
BABY 2,30
GOOD,30
GRADUATE,30
MISCHIEVOUS,30
PROVIDE,30
LIFT,30
RESPONSIBILITY,30
MINIMUM,30
ASSEMBLY,30
LOSE GAME,30
PASSPORT,30
BOLT,30
ACT,30
NEXT,30
HOTEL,30
SING,30
DEPRESS,30
OPPORTUNITY,30
FREAK OUT,30
CASUAL,30
DESERT,30
LAWNMOWER,30
EXPLODE,30
RING,30
MODEL 2,30
ENVELOPE,30
COOK,30
BRA 3,30
COCONUT,30
SHAVE 4,30
ORDER,30
FIRST,30
NEVER,30
CARDS,30
WASH MACHINE,30
LOUD,30
TOW 2,30
CRACK,30
NETWORK,30
SELF,30
SIT,30
NOSE BLEED,30
SOCKS,30
SHY,30
MAGNET 2,30
CHANCE,30
PROMISE,30
REMEMBER,30
WEAVE,30
ZEBRA,30
NONSENSE,30
DONUT,30
MANY,30
ENVELOPE 2,30
HIGH SCHOOL,30
NEUTRAL,30
THINK,30
HIGHLIGHTER,30
OK,30
SLINGSHOT,30
BANANA,30
TOP,30
SCREWDRIVER,30
CUTE 1,30
TRIANGLE,30
BOOK,30
PENNY,30
THINK OVER,30
DRESS UP,30
THREE,30
DIFFERENT,30
PAY,30
CHEAP,30
RICH,30
MAGNIFY 1,30
ROUGH,30
BIRTHDAY,30
HOME,30
BURY 3,30
GAY,30
BUMPY,30
ROAD,30
DOG 2,30
BLUR,30
WASH HANDS,30
FLIP SWITCH,30
STORY 3,30
DEPTH,30
WOLF,30
CROCODILE,30
MILK 2,30
SPEND,30
COLLEGE,30
STAMP,30
AUTOMATIC,30
SWEATER,30
TURN,30
INSPIRING,30
SCRIPT,30
PEG 2,30
SHOP,30
CONSUME,30
SAVE,30
ROLL,30
NOTHING 2,30
WATERDROP,30
HEAVY,30
SHOVEL,30
BEANS,30
BOWLING,30
PLUMMET,30
REALLY,30
TEACH,30
BALLOON,30
POLICEMAN 2,30
FAT,30
ERUPT 2,30
MEMORIZE,30
GLOVES 2,30
BREAKTIME,30
SHOT,30
POPULAR,30
WATCH,30
RAZOR,30
AUTISM 2,30
MOUTH,30
REASON,30
CHILD,30
MINUTE,30
STAR,30
HARD,30
KNITTING 2,30
FOLD,30
ALL,30
GHOST,30
TEACH 2,30
RUDE,30
ASTRONAUT,30
ASK,30
GRADE,30
HEARING AID,30
SHORTS,30
TOURNAMENT,30
EVEN,30
VEST,30
ENGINEER,30
RUSH,30
VEGETABLE,30
HUNT,30
OPEN,30
CHEER,30
MUST,30
BUILDING,30
INEPT,30
CORKSCREW 2,30
SQUARE IDIOT,30
BEHIND,30
FOLLOW 3,30
CONGRATULATIONS,30
FILM,30
ADDICT,30
INTERVIEW,30
WASH 1,30
WINDMILL 3,30
BIB,30
JEWELRY,30
INSTAGRAM,30
SWEEP,30
WRITE ON_WALL,30
BRAG,30
FLOOR,30
STUPID 2,30
EASY TO_DO,30
FROM,30
ANIMAL,30
TURTLE,30
HANDS,30
AWAKE,30
RHINO 3,30
FIANCE,30
STARBUCKS,30
HUG,30
PET,30
DOOR,30
LOSE,30
HEART,30
CIGAR,30
HOLD 2,30
YAWN 4,30
ICECREAM,30
SALT SHAKER,30
UDDER,30
WORD,30
FOREVER 2,30
ACTOR,30
DISNEY,30
OFF THE_POINT,30
HOLD HANDS,30
STRAIGHT,30
SCIENCE,30
YAWN 3,30
LET GO,30
FEED 2,30
RESULT,30
WHITE PERSON,30
MISUNDERSTAND,30
PILL,30
LABEL,30
TOW 1,30
MOST,30
JUMP,30
STAY AWAKE_24HRS,30
RHINO,30
ENOUGH,30
WINE,30
POLE,30
MOUNTAIN,30
THINK CONNECT,30
BLUE,30
PIRATE,30
EMOTION,30
SHORT PERSON,30
CURLY HAIR,30
GOODY GOODY,30
ASSISTANT,30
COMFORTABLE,30
SHRIMP,30
BAR,30
BLACK,30
CLOUD 3,30
BRAINWASH,30
FIGHT,30
PHILOSOPHY,30
OFTEN,30
INVEST,30
GOAT,30
OWN,30
EXPERIMENT,30
PEAS 1,30
GLASS 3,30
WRESTLE,30
DOLPHIN 3,30
PRESS,30
CITY 2,30
MELT,30
JAR,30
SPOT SOMETHING,30
HAND SOAP,30
FEEDBACK,30
DRUM,30
KNEEL,30
BUY,30
UNCERTAIN,30
HEAD GRIND,30
SHAVE 5,30
GIRAFFE,30
SOMERSAULT,30
PROBLEM 2,30
EDGE,30
TRIP 1,30
FLASHLIGHT,30
COOPERATE,30
HIPPO 2,30
THERAPY,30
NECKLACE 2,30
COST,30
DENTIST,30
GENERATION,30
SOAP 2,30
TENT,30
COLD,30
TOO MUCH,30
WOW,30
COME OUT,30
LEFT,30
HOW 2,30
SAME SAME,30
BACON,30
ALL WAY,30
MONKEY,30
DENTIST 2,30
SCISSORS,30
OOPS,30
HISTORY,30
DREAM,30
GUN 3,30
HONK,30
BEAK,30
EVALUATE,30
LAW,30
SHAKE 2,30
MEGAPHONE,30
WAVE,30
BLOND,30
SWEATPANTS,30
PLAYERS,30
FRIENDS NO_MORE_1,30
ISOLATED,30
SOON 3,30
BEARD,30
LAMP 2,30
SEND,30
OCTOPUS,30
SAUCE,30
HEAR 2,30
FIGURE,30
ELECTRICIAN,30
QUIT,30
SNOWBOARD,30
SIGN,30
CALL ATTENTION,30
SOME,30
BARK 2,30
WARM,30
ARREST 2,30
FASCINATED,30
FIRE,30
TWIRL,30
BUSY,30
OR,30
BOTH,30
INTERVENE,30
KISS 2,30
ACCESS,30
GOVERNMENT,30
PLOW 2,30
DEGREE,30
BABYSITTER,30
TALL,30
TRANSFER,30
CAFETERIA,30
SERVE 2,30
OUR,30
PROTEST,30
VERB,30
PEACOCK,30
MEAT,30
BRIDESMAID,30
YOURSELF,30
SPORTS,30
ROB,30
NOT USED_TO,30
ASSIST,30
HARMONICA,30
CONFIDENT,30
FAKE,30
SICK,30
BUCKLE 1,30
YUCKY,30
INTERESTED,30
SON,30
RESTAURANT,30
MAGNET,30
UMBRELLA,30
SLIP 2,30
UNCLE,30
TEMPER BLOW UP,30
HEARTBODY,30
AFRICA,30
YOU,30
LUCKY,30
DOUBLE,30
BLAME,30
WARN,30
PENIS,30
DATE,30
HOCKEY,30
VLOG,30
BAKE 2,30
THINK PONDER,30
BOX,30
BLIND,30
FENCE 2,30
ANY,30
FLIPFLOPS,30
CAT 3,30
SOFA,30
COUCH 1,30
BETWEEN,30
LICK ENVELOPE_2,30
ALONE,30
PILLOW 3,30
CUTE,30
DEFLATE,30
MAGNET 4,30
NONE,30
REGULAR,30
THROW 2,30
HELICOPTER,30
HARD OF_HEARING,30
GRASP,30
PERIOD,30
SCARF 4,30
RETRIEVE,30
PLANT,30
1 DOLLAR,30
FASHION,30
WALK,30
BAG 2,30
PASS OUT,30
CLIENT,30
STRESS,30
AWARD,30
HONOR,30
INTUITIVE,30
LUCK,30
GET,30
SLAVE,30
POUR,30
PRACTICE,30
ESCALATOR,30
PERFUME 2,30
YOUR,30
CRAWL 2,30
ABBREVIATE,30
SELECT,30
GRAB,30
PRODUCE SIGN,30
DEPARTMENT,30
HOUSE,29
TIE,29
PLENTY,29
LICK 2,29
NERVE,29
CANDY 1,29
TABLE,29
HE,29
ABOUT 2,29
NOT CARE,29
CALM,29
TIMEOUT,29
GLUE 1,29
MANAGE,29
VANILLA,29
SATURDAY,29
INTELLIGENT,29
RIBBON AWARD,29
WITCH 2,29
ANGEL,29
EARS UP,29
OBVIOUS,29
BAND AID,29
CERTIFICATE,29
WRONG,29
WANT,29
MIX 3,29
WALLET,29
FLY,29
RESCUE,29
ART,29
EAR,29
ELECTROCUTE,29
PROOF,29
IRON 2,29
MOOSE,29
TIRED,29
BALANCE,29
VOLLEYBALL,29
TRIM 2,29
SOUR,29
YAWN 2,29
NEXT TO,29
TAPE,29
RELIEF,29
STADIUM,29
SHOULDER 2,29
TIE UP_1,29
SHORT WORD,29
AGENCY,29
HALF,29
MASSAGE,29
UGLY,29
POPE,29
ROOMMATE,29
BOSTON,29
REALLY INTO,29
ENVELOPE 4,29
THEORY,29
HIGH HEELS,29
DESSERT,29
WADE,29
TOMORROW,29
LOOK BACK,29
ELEMENTARY SCHOOL,29
INDIAN,29
GROW UP,29
APART,29
SINGLE,29
CRACKER,29
MEETING,29
WHEELBARROW,29
FENCE,29
AUDIENCE,29
SO,29
ERUPT 1,29
SNAP STICK,29
DEDICATE 2,29
DEFEAT,29
THINK PENETRATE,29
HAIR CLIPPER,29
PORCUPINE,29
CAUGHT,29
TAKE,29
GIRL,29
LOAD 2,29
SHOOT,29
STEAM,29
COOL 1,29
HEAD BACK,29
CLOSE DOOR,29
SOMERSAULT 2,29
BAT,29
KID,29
LOOK FOR,29
WEIGHT,29
DYE,29
SNAIL,29
PRETTY,29
DELEGATE,29
FOREST,29
CONTACT,29
FINGERSPELL,29
VAMPIRE,29
DISCONNECT,29
ALASKA,29
CHAOS,29
TOSS OUT,29
DEATH,29
TOUCH,29
ROAR 2,29
SECRET,29
INFECTION,29
AVERAGE,29
RED FACED,29
STACK,29
INSPIRE,29
OLDEST,29
HONEST,29
KNOCK,29
SAME,29
PUT IN_BACK_MIND,29
WEIRD,29
ELEVEN,29
NEXT YEAR,29
OPEN WALLET,29
ROCKET 1,29
STRUCTURE,29
CROSS,29
MUMMY,29
LETTER,29
WINDOW OPEN,29
WRAP,29
START,29
LEND,29
THERE,29
KICK 2,29
DRINK 2,29
SLEEP,29
HARP,29
MAILMAN,29
VISUALIZE,29
PAST,29
NUMBERS,29
AWAY,29
HAVE,29
PROPOSE,29
SENIOR CITIZEN,29
SURE,29
FIFTH,29
ROLE,29
LISTEN,29
PLATFORM,29
SHOUT 2,29
HUMOR,29
CURTSEY 1,29
BAT 1,29
WHY NOT,29
ORAL,29
CURTAIN,29
QUEEN,29
PENGUIN,29
SOFT,29
MOTIVATION,29
KICK,29
LEAD,29
SIREN,29
HURT,29
LIVE,29
JOIN,29
PARADE,29
DRUNK,29
NEWSPAPER,29
BITCH,29
CONVINCE,29
PEEL 2,29
BLINK,29
BREAK DOWN,29
MINIMUM 2,29
COOL 5,29
GREET 2,29
THROW AWAY,29
THROW,29
NECKLACE 3,29
RELAX,29
CELERY,29
CATCH,29
CLOCK,29
JACKET 4,29
LINGUISTICS,29
FIRETRUCK,29
BRAILLE,29
WASH FACE_1,29
TWO OF_US,29
RAZOR 2,29
LONELY,29
HOLY,29
IMPACT,29
DISTRACTED,29
SLICE,29
CREWCUT,29
CHERRY 2,29
MARCH,29
WADE 2,29
FOR,29
BEG,29
BANANA 4,29
CLOSET 2,29
EMPTY 2,29
SHAPE,29
DIAPER,29
BOOTS 2,29
DICTIONARY,29
SCHOOL,29
SUIT,29
REACH,29
SQUARE,29
BET,29
BANDAID,29
ALL OVER_BODY,29
SPILL 1,29
TWO WEEKS,29
LIKE,29
CHEESE,29
ISRAEL,29
SNOB,29
SHARP 1,29
STAPLER,29
CHOKE,29
ONCE,29
COWBOY,29
NEEDLE,29
REMEMBER 2,29
MY,29
MAD,29
BITE ON NECK,29
DANCER,29
INSULT,29
LAMP,29
ON,29
POOL GAME,29
AGAINST,29
ENGLISH,29
WILL,29
STRAWBERRY 2,29
COMMUTE,29
VISION,29
ROOM,29
RABBIT,29
KNIFE 2,29
KNIGHT 3,29
SUNBATHE 2,29
BLOUSE,29
PIN ON,29
UNDERWEAR 2,29
BLANK,29
DILEMMA,29
EARMUFFS,29
FLOAT 2,29
LOOK FORWARD,29
YESTERDAY,29
HAIRCUT,29
TANKTOP,29
OUTSIDE,29
YES,29
ADMIRE,29
WAR,29
ENVIRONMENT,29
ACQUIRE,29
DISSECT,29
TUBE TOP,29
PUT,29
WITH,29
BROWN,29
COACH,29
RUN 2,29
THINK OBSESS,29
HONGKONG,29
PREGNANT,29
ORDER 2,29
UNIVERSE,29
OVERNIGHT,29
CENTER,29
BURY 2,29
DREADLOCKS,29
HANDSOME 3,29
INTERPRETER,29
CALIFORNIA,29
SANDWICH 3,29
PULL,29
UPSET 1,29
PROGRAM,29
SWEAT,29
EMAIL,29
FUZZY,29
CARRY,29
TOGETHER,29
CANNON,29
TEA,29
BLESS,29
FRUSTRATE,29
PROBLEM 1,29
BENEFIT,29
SHAME ON_YOU,29
BYE,29
CHEAT 1,29
ANTLERS,29
CHECK,29
SANDWICH 2,29
FEED,29
PRINCIPAL,29
EXPERIENCED,29
EARTH,29
LEAGUE,29
SLED 1,29
ADDRESS,29
EXCITED,29
BLOW CANDLE_2,29
FOOTBALL,29
SURGERY,29
PARALLEL,29
STAMP 1,29
VASE,29
BARK 3,29
TOUGH,29
SMOKE,29
SHOULD,29
TOY 2,29
OPINION 1,29
EXPENSIVE,29
FIX,29
DELIBERATE,29
SERIOUS,29
HAPPEN,29
NAKED,29
TRASH,29
BEAR,29
LEMON 2,29
CRASH,29
ZOOM IN,29
SIGN PAPER,29
BEDROOM,29
MURDER,29
CLIP,29
FINGER,29
FRAME,29
PIPE 3,29
SCREWDRIVER 2,29
MEASURE 2,29
FAMOUS,29
WOMAN 2,29
DINING ROOM,29
CRY 4,29
CULTURE,29
MEMBER,29
ELEPHANT,29
PARANOID,29
BOARD,29
NOW,29
CHILDREN,29
SNAKE,29
EVENT,29
FIRED,29
NO BIG_DEAL,29
CARROT 3,29
BIND,29
BREAK,29
GREAT,29
SHAME,29
SIGNING FLUENTLY,29
HOUR,29
CEREAL,29
PINEAPPLE 3,29
HANDS OFF,29
GO AHEAD,29
LOOK LIKE,29
KNIFE,29
SHAVE 3,29
ERASE 3,29
ARTICULATE SIGN,29
GUM,29
REQUEST,29
SOUTH,29
WAY,29
PICKLE,29
GOODY GOODY_SHOE_OPPOSITE,29
WHEEL,29
CHAMP,29
FLOAT,29
REDUCE,29
FORK 4,29
CONVINCE 2,29
WAND,29
CATCH 2,29
HORRIBLE,29
DUMB,29
ICE,29
RIDE 1,29
PROFOUNDLY DEAF,29
EMPEROR,29
INSTEAD,29
TEST,29
BORED 2,29
WITHOUT,29
CRACKER 2,29
JAW DROP,29
MIME,29
LIMITED,29
BEAT,29
IMMERSE,29
BUCKLE 2,29
SCARF 3,29
FISHING,29
IMMATURE,29
ZIPPER,29
STAMP 2,29
CURL,29
BOAT,29
NOISE,29
MAIL 2,29
INNOCENT,29
ACCENT,29
KNOCK OFF,29
SANDWICH,29
TALK DIRTY,29
DRIVE,29
CATAPULT,29
DEAL CARDS,29
LEAVE,29
CUP,29
GOSSIP,29
GUILLOTINE 1,29
GYM,29
SAD,29
FUN,29
BEER,29
LIVE 2,29
MEDITATE 3,29
SCARF 2,29
VALIDATE,29
ROLLERSKATING,29
SPECIFIC,29
THEATRE,29
MUSHROOM,29
TROPHY,29
OIL 2,29
CHAIR,29
SAXOPHONE,29
BUFFALO,29
BIRTH,29
VIDEOCAMERA 2,29
BRA,29
STAFF,29
OPERATE MACHINE,29
VALUE,29
DIAMOND,29
PROXIMALIZATION,29
INJECT,29
SHAKESPEARE,29
HAMBURGER,29
ARGUE,29
CHERRY,29
OVER,29
COMMUNITY,29
VERY,29
LOBSTER 3,29
WORSE,29
VISIT,29
BOW 4,29
REVENGE,29
HAIRDRESSER,29
SHOWER,29
CAR ACCIDENT,29
HANG,29
SKUNK,29
CHEW 2,29
PARK,29
HAD ENOUGH,29
VANISH,29
BUSTED,29
RISK,29
PHOTOGRAPHY,29
BURN 1,29
EACH OTHER,29
MONTH,29
SHOW,29
NOTHING AT_ALL,29
DIVE,29
TAN,29
SOAP,29
CHIMNEY,29
DAMN,29
SNOWMAN,29
IMPRESS,29
CEILING,29
DROWN 2,29
BOTHER,29
TAKE PILL,29
LOBSTER 2,29
DIZZY,29
VOLUNTEER,29
OLD,29
SAVE MONEY,29
EXCUSE,29
KANGAROO 3,29
REAL SICK,29
DEODORANT,29
WHILE,29
PEEL 1,29
HELICOPTER 3,29
FLAG,29
PUT ASIDE,29
BOMB,29
UNAWARE,29
TELL,29
ERASE,29
FRY,29
BUSINESS,29
EASTER,29
COUNSELOR,29
APPOINTMENT,29
ARCHEOLOGY,29
RELAX 2,29
CAMEL,29
TOWEL,29
CRAWL,29
SODA,29
TODAY,29
STAY,29
STUMBLE,29
FREEZE,29
HITCHHIKE,29
WASH FACE_2,29
CREAM 2,29
CRANKY,29
SHUT OUT,29
CALCULATOR,29
TICKLE,29
THIN,29
STRAIN 2,29
DOMINANT,29
PLIERS,29
SCOUT,29
RUIN,29
MEA CULPA,29
BARK,29
TEMPORARY,29
RESIST,29
FOLLOW 1,29
SHOOTING,29
HEART TOUCH,29
MICROPHONE,29
BODY,29
STRONG,29
DISAGREEMENT,29
DROP,29
LIFT 2,29
NAIL,29
ROOSTER,29
DELINQUENT,29
NEED,29
SORRY,29
HIS,29
LOCKER,29
YOUNG,29
CLASS,29
BLOW CANDLE_1,29
BOW 2,29
AFTERNOON,29
OVERLOOK,29
PICNIC,29
DOWNLOAD,29
GRANDFATHER,29
PUZZLED,29
POSTPONE,29
ERASE 2,29
COME,29
GOTCHA,29
DIRTY,29
OIL 3,29
SOCCER,29
HOOD,29
TRUE BUSINESS,29
DOCUMENT,29
CLAW,29
BOYFRIEND,29
THRILLED,29
WHITE,29
HURRY,29
GESTURE,29
FINGERSPELLING,29
SUPERVISE,29
MEAN,29
PHILADELPHIA,29
FAINT,29
SPREAD 1,29
DONT NEED,29
BUT,29
JUICE 1,29
DORMITORY,29
PLAIN,29
LOBSTER,29
IRON,29
CAT,29
STUPID 1,29
PEAR,29
LAWYER,29
TRUCK 1,29
TO A_GOAL,29
LEAF 2,29
INTERNET,29
INTENTIONAL,29
CIRCLE,29
WISE,29
SKIRT,29
RELATIONSHIP,29
WINDY,29
MAJOR,29
COFFEE,29
HATCH,29
HURRICANE,29
BUTTONS,29
SCARF,29
SLICE 3,29
HOLIDAY,29
EVIDENCE,29
COMPUTER,29
TOSS,29
BAD,29
BLUSH,29
CHIN 2,29
SWING 2,29
APRIL,29
SILVER,29
TOOTHBRUSH,29
TENDENCY,29
CHEW 2_MOUTH,29
INTERPRET,29
DUE,29
LOVE,29
FINS,29
DUTY,29
SWEAR IN,29
SHOES,29
THOUGHT DISAPPEAR,29
I LOVE_YOU,29
STILL,29
ROLLERBLADING,29
STRAWBERRY 4,29
SHOUT,29
LIGHTS ON,29
WEST,29
GLASS 1,29
WET,29
FOLLOW 2,29
ROLL UP_SLEEVES,29
GOAL,29
GATE CLOSE,29
SWEATSHIRT,29
TISSUE,29
PREDICT,29
SENSITIVE,29
FREEWAY,29
HAIR 2,29
OFFICE,29
PAGEANT,29
FIT,29
JUMP ROPE,29
OOH,29
SOMETIMES,29
LEAK,29
STRICT,29
SHOVEL 2,29
OPTION,29
SOUND,29
FRIDAY,29
ELEVATOR 3,29
SUPPORT 2,29
DENT,29
RUSSIA,29
GAME,29
WAITER,29
SCROLL DOWN,29
PANTS,29
TRY,29
IRON 3,29
REST,29
SOFTBALL,29
DANGER,29
EXPRESS,29
MISS,29
EVERYTHING,29
TOTAL,29
BERRY,29
TURKEY,29
KNITTING,29
KNITTING 3,29
GARLIC,29
PRISON,29
IF,29
SPREAD 2,29
ERASE 4,29
MUSCLE,29
THURSDAY,29
BUBBLES,29
OBSESS,29
SINGLE OUT,29
SCORE,29
STUDENT,29
SHARPEN 2,29
BURY,29
POWER,29
INCREDIBLE,29
SLIDE,29
WALRUS,29
STRAW,29
BANANA 2,29
ROOF,29
DIP,29
HAIRDRYER,29
SEQUENCE,29
PHARMACIST,29
AGE,29
SYSTEM,29
KISS ON_CHEEK,29
TOPIC,29
FORM,29
POTATO,29
ENGAGEMENT,29
CROWN,29
LAST WEEK,29
HOLD,29
MONSTER,29
INVISIBLE,29
ATHLETE,29
BOOTS,29
MELON,29
BACK UP,29
CHEW 4,29
DRUG,29
HIT 2,29
COMPUTER MOUSE,29
STUDY,29
FIREMAN 2,29
KNIGHT 2,29
SUMMON,29
STORY 2,29
BICYCLE,29
WORKSHOP,29
DEDICATE 1,29
SUSPENDERS 2,29
NET,29
CORKSCREW,29
MISSING,29
SWALLOW,29
SMILE 2,29
BABY,29
HUNDRED,29
ASSIGN,29
TRANSGENDER,29
SUNSET,29
EFFECT,29
GOATEE,29
FINGERS CROSSED,29
CHEERLEADER,29
JACKET,29
OPEN BOOK,29
THUNDER,29
GRANDPARENTS,29
NECK,29
PERMISSION,29
NEW YORK,29
SEVEN,29
OH I_SEE,29
COLOR,29
STUBBORN,29
EGO,29
PARACHUTE 3,29
CREATE,29
FROM THEN_ON,29
DESIGN,29
FIREMAN,29
PUBLIC,29
VOCABULARY,29
SLED 2,29
KILL,29
KITE,29
FREEDOM,29
RAT,29
READY,29
ATTENTION,29
DONT CARE,29
INSTINCT,29
OCEAN,29
MILK,29
AIRPLANE,29
PIPE 4,29
SENTENCE,29
JELLYFISH,29
DONKEY,29
LEAF,29
CHEW 1,29
CHANGE,29
WELL,29
PUNCH FACE,29
TEETH,29
MAGNET 3,29
PIG,29
ATLANTA,29
CANDLE,29
CRASH PLANE,29
CURIOUS,29
FUNCTION,29
QUARTER,29
PAIR,29
DOLPHIN,29
CHARGE CARD,29
PASS,29
NURSE,29
GREEN BEANS,29
W.H.A.T,29
LINE,29
HAIRDRYER 3,29
COMPASS,29
FILE 4,29
ALL DAY,29
HELL,29
FILE 3,29
PINEAPPLE 4,29
LESBIAN,29
NO,29
DICE,29
BEND,29
EQUAL,29
MOUNTAIN 2,29
GET INFORMATION_OUT_OF,29
CHEERLEADER 2,29
VAGINA,29
STARE,29
HOODIE 2,29
LANGUAGE,29
SHARP 2,29
RAISIN,29
SCAN,29
WATER,29
FADE,29
STOPWATCH,29
HELMET 2,29
GOLD,29
PAY OFF_BILLS,29
ALL TOGETHER,29
BACKYARD,29
BUG,29
SNOW 2,29
EMPTY,29
GRADUATE SCHOOL,29
UNTIL,29
BULLDOZER,29
GRIND,29
SCIENTIST,29
DECORATE 1,29
PINEAPPLE,29
FUNNY,29
FENCING,29
AUSTRALIA,29
MARRY,29
STETHOSCOPE,29
RESTLESS,29
NAVEL,29
DEER,29
JOURNEY,29
PEANUT BUTTER,29
RUN OUT_OF,29
THERMOMETER,29
USE,29
NAVY,29
TIME PROGRESS,29
GIVE,29
ONE YEAR AGO,29
MOP 2,29
FAN,29
GET OFF,29
TOW 3,29
EAGLE 2,29
SWEATER 3,29
INSURANCE,29
PLOW,29
TURN AROUND,29
REFRIGERATOR,29
REFUSE,29
BLACKBIRD,29
FAUCET,29
REFLECT,29
CAMERAMAN,29
DISPATCH,29
ONE MORE_1,29
CAPTION,29
PERSPECTIVE,29
WAIT,29
BURP,29
LOAD,29
STRUGGLE,29
FRUIT,29
PRINCE,29
STACK 2,29
TRAFFIC,29
DOCTOR,29
PJS,29
SOW,29
Q TIP,29
BLINDS 1,29
TURN KEY,29
BREATHE,29
EYES,29
NUT 2,29
SPRING,29
DIP 2,29
SPECIALIST,29
CAN 2,29
ARREST 3,29
DAUGHTER,29
GLOVES 4,29
TURBAN,29
STUCK,29
ENVELOPE 5,29
BONE,29
SPEND LOTS_OF_MONEY,29
NOOSE,29
KNOW NOTHING,29
BLANKET,29
LONG,29
ACCEPT,29
STETHOSCOPE 2,29
NOT UNDERSTAND,29
WEEKEND,29
BOIL 2,29
WOOD,29
BEFORE,29
CLAUSE,29
DIRECTOR,29
LOYAL,29
BRACELET,29
SUMMER,29
FED UP,29
BASKET 1,29
MENTION,29
NEPHEW,29
HAHA,29
KINDERGARTEN,29
DRY,29
SILLY,29
HONEY 2,29
CANADA,29
STIMULATE,29
BOW 3,29
UNDER,29
FLASHLIGHT 4,29
INSIDE,29
WIFE,29
FAMILY,29
BEST,29
DROWN 5,29
WIDE,29
CHURCH,29
LESSON,29
DINOSAUR 2,29
NEWS TO_ME,29
LIPS,29
MEXICAN 2,29
TORNADO,29
ADOPT,29
POINT,29
THESE,29
PACK,29
JACKET 3,29
SALAD,29
JELLY,29
BARRETTE,29
SCAR MEMORY,29
NOT,29
DISSOLVE,29
HAT,29
NOT MIND,29
ROCKET 2,29
BATHTUB,29
FROWN 1,29
SUNDAY,29
DOESNT MATTER,29
JUGGLER,29
COW,29
CHINA,29
BADGE,29
RAINBOW,29
OFFHAND,29
UNIQUE,29
BRICK,29
HOMEWORK,28
TV,28
CONDUCT 1,28
GRAPES 2,28
REPLACE,28
SWEET,28
PAINT,28
RACE,28
SWIM 2,28
MAKE BELIEVE,28
LIGHT CANDLE,28
HORSE,28
FULL,28
CAT 2,28
AGREEMENT,28
SHIELD,28
PERSISTENT,28
ADULT,28
LECTURE,28
EAGLE,28
CASTLE 2,28
TRIM 1,28
OVERTAKE,28
MAGIC,28
CAPE,28
MOON,28
WINDMILL 2,28
HOT COMPETITION,28
CATCH BASEBALL,28
BRUSH,28
CAR,28
STETHOSCOPE 4,28
SOCIAL,28
SMOKING,28
PERCEIVE,28
FURNITURE,28
POSITIVE,28
SLICE 4,28
DROWN,28
AGAIN,28
SHARK 1,28
DUCK 2,28
POP,28
FRANCE,28
SAIL,28
FLAG 2,28
ESCALATE,28
THINK EXPAND,28
CLOUD 4,28
REMIND,28
TO,28
ARRIVE,28
PHONE,28
SNOW,28
LIGHT WEIGHT,28
FEBRUARY,28
GRANDMOTHER,28
PROCESS,28
FINALLY,28
BLEED,28
WRAP UP_2,28
DOLL,28
CHICAGO,28
ACCIDENT,28
EARN,28
ENVELOPE 3,28
FREE,28
PREACHER,28
FISHING 2,28
BRA 2,28
WORRY,28
DINOSAUR,28
YEAH,28
ROAR,28
TRIPLE,28
MEET,28
IDEA,28
ISLAND,28
STACK 3,28
FOCUS,28
SAW 2,28
STAND,28
DEVIL,28
DOWN,28
STETHOSCOPE 3,28
SEVERAL,28
SIGN LANGUAGE,28
NEGATIVE,28
VILLAGE,28
RESPECT,28
HEAR 1,28
TABLET,28
CONDUCT 3,28
MUSIC,28
DRAW,28
WEATHER,28
CRAZY,28
VIDEOGAME,28
FACULTY,28
RACECAR TRACK,28
STRAIN 1,28
PILLOW,28
POLISH,28
LONG AGO,28
HIGH,28
HATBRIM,28
ARM 2,28
YAY,28
CELEBRATE,28
RUN FAUCET,28
LONG TIME,28
SUN,28
CLUELESS,28
FRENCH,28
PERCENT,28
SAFE,28
ACCOMPLISH,28
RESENT,28
MOP,28
LET KNOW,28
TEAR,28
DRIBBLE,28
SUSPENDERS,28
KEEP,28
IPHONE,28
FATHER,28
SUNBATHE,28
ECLIPSE,28
DIP 3,28
FRISK,28
CAUSE,28
CONDUCT 2,28
ENJOY,28
GOD,28
UNICORN,28
SOMERSAULT 3,28
TAIL,28
FRIEND,28
HALF HOUR,28
THIRSTY,28
PRESIDENT,28
TALL 2,28
HUMBLE,28
HELICOPTER 2,28
TASTE,28
OWL,28
STEAK,28
POOR,28
POP 4,28
DROWN 3,28
KNIGHT 5,28
SANDALS,28
FORFEIT,28
DOLPHIN 2,28
TREE,28
SHAMPOO,28
BUN,28
CONFLICT,28
DART,28
JUGGLE,28
CHERISH,28
STRETCH 2,28
FOLLOW 4,28
PSYCHOLOGIST,28
CANOE,28
PRESS IN_MIND,28
CALL,28
FORMER,28
PET 2,28
PINCH 2,28
DAY,28
NECKLACE 4,28
AMAZING,28
NEXT DOWN,28
ITCH,28
CURL 2,28
KITE 2,28
GUN,28
EXPERT,28
CHEAT 2,28
LESS,28
SELL,28
KISS 3,28
RHINO 2,28
MATCH,28
BALL,27
OUT,27
CARROT 2,27
HAIR,27
HANG CLOTHES,27
DEVELOP 2,23
HALLOWEEN 2,23
MOVIE 2,23
BASKETBALL 3,23
LUNCH 2,23
EAT 2,23
TWINS 2,23
CANCER 2,23
DINNER 2,23
DRAG 2,23
HOSPITAL 2,23
BASKETBALL 2,23
DOG 3,23
FOREIGNER 2,22
DARK 2,22
MICROSCOPE 2,22
BELIEVE 2,22
CONFUSED 2,22
WHAT FOR 3,22
NOON 2,22
BITE 2,22
TAKE OFF 2,22
FINE 2,22
BREAKFAST 2,22
CALENDAR 2,22
THIRD 2,22
NIGHT 2,22
AXE 2,22
ELEVATOR 2,22
DOG 4,22
CANCEL 2,22
DOWNSIZE 2,22
SPECIAL 2,22
WHAT FOR 2,22
RESEARCH 2,22
LOCK 2,22
ROCKING CHAIR 2,22
EDIT 2,22
CHRISTMAS 2,22
RIVER 2,22
DEAF 2,22
RECENT 2,22
DECIDE 2,22
BACKPACK 2,22
PARTY 2,22
DEMAND 2,21
THEY 2,21
BELT 2,21
GUESS 2,21
TYPE 2,21
PATIENT 3,21
MECHANIC 2,21
CLOUD 2,21
SHAVE 2,21
BEE 2,20
LETTUCE 2,20
seedDOG,3
seedWHAT FOR,3
seedBASKETBALL,3
seedSHAVE,2
seedBELIEVE,2
seedNIGHT,2
seedPARTY,2
seedNOON,2
seedEDIT,2
seedCANCER,2
seedELEVATOR,2
seedWELCOME,2
seedCANCEL,2
seedBEE,2
seedDEVELOP,2
seedCONFUSED,2
seedCALENDAR,2
seedTWINS,2
seedTYPE,2
seedMICROSCOPE,2
seedRECENT,2
seedFOREIGNER,2
seedDOWNSIZE,2
seedMINIMUM,2
seedTAKE OFF,2
seedHOSPITAL,2
seedTHIRD,2
seedLETTUCE,2
seedTHEY,2
seedMECHANIC,2
seedSPECIAL,2
seedPATIENT 2,2
seedDEAF,2
seedBACKPACK,2
seedLOCK,2
seedBELT,2
seedLUNCH,2
seedROCKING CHAIR,2
seedCLOUD,2
seedMOVIE,2
seedBREAKFAST,2
seedHALLOWEEN,2
seedABOUT,2
seedDECIDE,2
seedGUESS,2
seedDARK,2
seedEAT,2
seedLETTER,2
seedRESEARCH,2
seedDEMAND,2
seedLIVE,2
seedAXE,2
seedBITE,2
seedSENTENCE,2
seedFINE,2
seedDRAG,2
seedDINNER,2
seedRIVER,2
seedCHRISTMAS,2
seedPROBLEM 2,1
seedSAIL 2,1
seedGOODY GOODY,1
seedMIRROR,1
seedSTAPLER,1
seedKANGAROO 2,1
seedDANCE,1
seedSNOWMAN,1
seedADDICT,1
seedHOT COMPETITION,1
seedDOWN,1
seedENVIRONMENT,1
seedINEPT,1
seedNEUTRAL,1
seedLAST WEEK,1
seedSPORTS,1
seedLICK 1,1
seedBOSS,1
seedFROG,1
seedSINGLE OUT,1
seedTOSS,1
seedTICKLE,1
seedIMPROVE,1
seedCITY 2,1
seedBORED,1
seedHEADCOLD,1
seedENGLISH,1
seedHAIRDRYER 3,1
seedWATERDROP,1
seedFUTURE,1
seedSUPERIOR,1
seedEXPLODE,1
seedHELLO,1
seedREMEMBER 2,1
seedTUESDAY,1
seedSWIM,1
seedNECKLACE 3,1
seedOBVIOUS,1
seedLOAD,1
seedLEARN,1
seedPREACHER,1
seedHOME,1
seedCANCELLATION,1
seedHUMBLE,1
seedLABEL,1
seedSITUATION,1
seedNONE,1
seedFOOTBALL,1
seedAGENCY,1
seedFALL 2,1
seedDOWNLOAD,1
seedADVANTAGE,1
seedFOLD 2,1
seedCONSUME,1
seedCOW,1
seedCHURN,1
seedBORED 2,1
seedSO,1
seedMEDICINE,1
seedDIP,1
seedGLOW,1
seedJAR,1
seedBEG,1
seedNEXT YEAR,1
seedHEAR 2,1
seedMIX,1
seedSINCE,1
seedBROWN,1
seedDROWN 3,1
seedYAWN 2,1
seedPERSUADE,1
seedWATCH,1
seedPLATE,1
seedBOTTOM,1
seedFORK 3,1
seedPRECIOUS,1
seedRISK,1
seedDRIVE,1
seedSHOWER,1
seedHANUKKAH,1
seedMISSING,1
seedWEATHER,1
seedPLENTY,1
seedHERE,1
seedADULT,1
seedGONE,1
seedWOMAN,1
seedVOCABULARY,1
seedPAY,1
seedEVALUATE,1
seedLOLLIPOP,1
seedPHYSICS,1
seedCEREAL,1
seedARIZONA,1
seedTOUCH,1
seedRIGHT 2,1
seedHEAD,1
seedTWIRL,1
seedHANDSOME 3,1
seedTHESE,1
seedCANDY 2,1
seedWE WILL_SEE,1
seedPILLOW 2,1
seedSUPERVISOR,1
seedPRINCIPAL,1
seedVITAMINS,1
seedKISS FIST,1
seedALL,1
seedGREAT,1
seedSPILL 1,1
seedSUNBATHE,1
seedSAME SAME,1
seedWASH FACE_2,1
seedADMIT,1
seedFRIDAY,1
seedHOT,1
seedHUSBAND,1
seedDISAGREEMENT,1
seedWITCH 2,1
seedHELICOPTER 2,1
seedSTART,1
seedPEN,1
seedWINDMILL,1
seedCLOTHES,1
seedPHONE,1
seedDRUG,1
seedAWARD,1
seedBOMB,1
seedGIRL,1
seedBEHIND,1
seedBUSINESS,1
seedSLOW,1
seedTRIPLE,1
seedPEACH,1
seedWORK OUT,1
seedBLINK,1
seedLIFT,1
seedSURPRISE,1
seedBUCKLE 1,1
seedTIMEOUT,1
seedBACHELOR,1
seedSMILE,1
seedTENDENCY,1
seedPITY,1
seedSHOUT 2,1
seedMAJOR,1
seedFAVORITE,1
seedPHILADELPHIA,1
seedVALLEY,1
seedSTRAIN 1,1
seedMONKEY,1
seedSTOP,1
seedONE MORE_2,1
seedLIGHT WEIGHT,1
seedENERGY,1
seedDIP 3,1
seedWANT 2,1
seedALPHABET,1
seedSTAR,1
seedHAT,1
seedADD,1
seedFORM,1
seedPROMOTE,1
seedSHARPEN 2,1
seedPLEASE,1
seedSPEAKERS,1
seedVLOG,1
seedTEST,1
seedNO,1
seedPOP 3,1
seedCOMMITTEE,1
seedPLUMMET,1
seedCELERY,1
seedRUIN,1
seedCLAUSE,1
seedHATCH,1
seedALL TOGETHER,1
seedDEER,1
seedGOLF,1
seedROCKET 2,1
seedBOAT,1
seedPICK 2,1
seedSING,1
seedOFTEN,1
seedBRIDGE,1
seedFREEWAY,1
seedBLOOM,1
seedBEHAVIOR,1
seedSTUBBORN,1
seedPEPSI,1
seedASTRONAUT,1
seedBOOTS,1
seedZIPPER,1
seedWISE,1
seedPERCENT,1
seedCONVINCE,1
seedFORK,1
seedWINDOW OPEN,1
seedPERSISTENT,1
seedPRAYER,1
seedNO BIG_DEAL,1
seedLAMP,1
seedBLIND,1
seedDECORATE 2,1
seedVOLUNTEER,1
seedTOGETHER,1
seedRUN 2,1
seedCRACK,1
seedBIOLOGY,1
seedLIKE,1
seedPOPE,1
seedSPECIFIC,1
seedPERFECT,1
seedOK,1
seedTHIN,1
seedENGINEER,1
seedBUN,1
seedCOPY,1
seedUPSET 1,1
seedVALIDATE,1
seedQUEEN,1
seedTEXT,1
seedDROWN,1
seedDEDICATE 1,1
seedPURPLE,1
seedHURRICANE,1
seedLICK ENVELOPE_2,1
seedREALLY INTO,1
seedDEATH,1
seedRED FACED,1
seedGULLIBLE,1
seedDENTIST,1
seedKID,1
seedNOT INTERESTED,1
seedSHELF,1
seedPLAIN,1
seedIDEA,1
seedSALT SHAKER,1
seedSKATE,1
seedWHISPER,1
seedTRANSGENDER,1
seedSAFE,1
seedPOOP,1
seedGRAB,1
seedVOTE,1
seedSTRAWBERRY,1
seedRESTAURANT,1
seedCALCULATOR,1
seedNUMBERS,1
seedFROM,1
seedSHARP 1,1
seedBED 2,1
seedSLED 1,1
seedCONFIDENT,1
seedTEETH,1
seedFLOWER,1
seedKNOW,1
seedUPLOAD,1
seedCLIMB LADDER,1
seedEAR,1
seedWRAP UP_2,1
seedVIDEOCAMERA 2,1
seedPEOPLE,1
seedUNDERWEAR,1
seedDONUT,1
seedPENNY,1
seedGRAPES 2,1
seedLONG AGO,1
seedVISUALIZE,1
seedDROWN 4,1
seedSHOP,1
seedQM,1
seedSHIRT,1
seedSIGN LANGUAGE,1
seedMASSAGE,1
seedFAIR,1
seedCLAP,1
seedLUNGS,1
seedCARROT 3,1
seedFAST,1
seedCASTLE 2,1
seedDEAF SCHOOL,1
seedHIGH SCHOOL,1
seedCHARGE,1
seedBALD,1
seedSTUDY,1
seedSIGN PAPER,1
seedFINS,1
seedEVERY NIGHT,1
seedCOUGH,1
seedOPEN WALLET,1
seedWHICH,1
seedSUNSET,1
seedBACON,1
seedARGUE,1
seedDIAPER,1
seedRULER,1
seedYAWN 4,1
seedSOCIETY,1
seedENJOY,1
seedSTIR,1
seedCLOSE DOOR,1
seedTHIEF 2,1
seedMOUSE,1
seedCROSS 3,1
seedGREET,1
seedDIG UP,1
seedMONSTER,1
seedBARK 3,1
seedWAVE,1
seedBABY 2,1
seedWAITER,1
seedCOVER UP,1
seedOLD,1
seedHUMMINGBIRD,1
seedPARACHUTE 2,1
seedELECTROCUTE,1
seedFUZZY,1
seedTHINK OBSESS,1
seedUNICORN,1
seedDRUM,1
seedCARDS,1
seedCUT 1,1
seedENVELOPE 4,1
seedFIREMAN 2,1
seedHISTORY,1
seedPLOW 2,1
seedCAT 3,1
seedCHAMP,1
seedDELICIOUS,1
seedAUTISM,1
seedCAUSE,1
seedDRAWER,1
seedTOW 1,1
seedPOLICEMAN,1
seedARREST,1
seedSPOON,1
seedMAIL,1
seedHAVE,1
seedACTION,1
seedCOMMUTE,1
seedBURY 3,1
seedKICK 2,1
seedFIGURE,1
seedCRASH,1
seedBEND,1
seedSOUND,1
seedGLUE 1,1
seedSUSPENDERS 2,1
seedPLAN,1
seedKEY,1
seedEVERYDAY,1
seedDYE,1
seedBANANA 2,1
seedACT,1
seedGLOVES 2,1
seedSOFT,1
seedEMPEROR,1
seedBABYSITTER,1
seedBITE ON_ARM,1
seedWITCH,1
seedTRANSLATE,1
seedRUN FAUCET,1
seedGUILTY,1
seedPOLICEMAN 2,1
seedLEARN LESSON,1
seedBOUNCE,1
seedPARACHUTE,1
seedBLOUSE,1
seedBURY 2,1
seedBATHTUB,1
seedSTRAWBERRY 2,1
seedDISTRACTED,1
seedHEART TOUCH,1
seedJUGGLER,1
seedWAR,1
seedEXERCISE,1
seedRIDE 1,1
seedPLANET,1
seedCLOUD 4,1
seedMAGNET 2,1
seedPRODUCE SIGN,1
seedOVERLOOK,1
seedFAKE,1
seedSWEAT,1
seedTELL,1
seedDROP,1
seedRECITE,1
seedFED UP,1
seedCRAWL,1
seedWASH HANDS,1
seedGESTURE,1
seedPINEAPPLE 4,1
seedAUSTRALIA,1
seedLION,1
seedANIMAL,1
seedSYMPATHY,1
seedPOLE,1
seedSCREAM,1
seedMONDAY,1
seedPINEAPPLE,1
seedCLUELESS,1
seedFRIENDLY,1
seedSURGERY,1
seedCASTLE 3,1
seedENTER,1
seedKNOCK OFF,1
seedHEARING AID,1
seedSTRETCH 2,1
seedEYEGLASSES,1
seedPIN ON,1
seedCIRCLE,1
seedOFFICE,1
seedCROSS,1
seedSPICY,1
seedCONDUCT 1,1
seedREGULAR,1
seedSPACESHIP,1
seedRECORDING,1
seedDISSECT,1
seedBASKET 1,1
seedPECK,1
seedNEGATIVE,1
seedPANTS 2,1
seedMETAL,1
seedFRIEND,1
seedTRAVEL,1
seedPEAS 2,1
seedSHORT WORD,1
seedACCIDENT,1
seedSOUP,1
seedHANG CLOTHES,1
seedKNITTING 2,1
seedBOTHER,1
seedCORKSCREW 2,1
seedHAWAII,1
seedSTRAIGHT,1
seedAPPEAR,1
seedTOY 3,1
seedHUMOR,1
seedTROPHY,1
seedDOCTOR,1
seedREFLECT,1
seedSTARBUCKS,1
seedYEAR,1
seedELEPHANT,1
seedBLINDS 2,1
seedGRAY,1
seedTRADITION,1
seedFUNCTION,1
seedVANILLA,1
seedCHINA,1
seedSILLY,1
seedUNCERTAIN,1
seedPUT,1
seedBETWEEN,1
seedFLASHLIGHT 4,1
seedANTLERS,1
seedSPREAD 3,1
seedTHURSDAY,1
seedCOOL,1
seedLEATHER,1
seedNAIL,1
seedHAD ENOUGH,1
seedHOLIDAY,1
seedBOW 4,1
seedINHALE,1
seedFRAME,1
seedOPINION 1,1
seedALCOHOL,1
seedEXPERIENCED,1
seedMAYBE,1
seedLEAGUE,1
seedKANGAROO 3,1
seedAVOID,1
seedCURL 2,1
seedANSWER,1
seedDROWN 5,1
seedHOTDOG,1
seedOPEN BOOK,1
seedBAG 2,1
seedEGG,1
seedCHEAT 1,1
seedPROTECTION,1
seedRACECAR TRACK,1
seedMAPLE,1
seedPAIN,1
seedMONEY 2,1
seedDOOR,1
seedSENIOR CITIZEN,1
seedSUNBATHE 2,1
seedROLLERBLADING,1
seedWILL GO,1
seedWORSE,1
seedTOAST,1
seedFLASHLIGHT 3,1
seedSPECIALIST,1
seedLEAVE ALONE,1
seedJEALOUS,1
seedBASEMENT,1
seedCURL,1
seedPLUG,1
seedCAT,1
seedPERFUME 2,1
seedBOW,1
seedTHIRSTY,1
seedFIGHT,1
seedERASE 5,1
seedRESIGN,1
seedNAIL CLIPPER,1
seedRETRIEVE,1
seedDONT NEED,1
seedBADGE,1
seedWEAVE,1
seedEVEN,1
seedCOMMUNICATION,1
seedENOUGH,1
seedVERY INTERESTED,1
seedTOW 2,1
seedROOSTER,1
seedEUROPE,1
seedPARANOID,1
seedEARLY,1
seedDRESSER,1
seedBRAIDS,1
seedANYONE,1
seedTOUGH,1
seedDART,1
seedPROXIMALIZATION,1
seedREAD,1
seedAUTOMATIC,1
seedAWKWARD,1
seedINSURANCE,1
seedVOMIT,1
seedBIRTHDAY,1
seedSAUSAGE,1
seedGLOVES 3,1
seedREDUCE,1
seedCHILDREN,1
seedHIGH,1
seedHUNDRED,1
seedLOBSTER 2,1
seedWHATEVER,1
seedOPTION,1
seedBREATHE,1
seedTURN KEY,1
seedDIE,1
seedFOUR,1
seedFLOAT 2,1
seedSNAP STICK,1
seedWORM,1
seedVISION,1
seedGLASSES,1
seedJUNIOR,1
seedVOICE,1
seedSHAMPOO,1
seedTALL,1
seedTIME TO_TIME,1
seedOLDEST,1
seedMAINSTREAM,1
seedWORK,1
seedOFFHAND,1
seedFIX,1
seedJELLY,1
seedUSE,1
seedWHILE,1
seedSEAL,1
seedHITCHHIKE,1
seedFAINT,1
seedWEAR,1
seedFIREMAN,1
seedCRY 3,1
seedBUG,1
seedSTRANGLE,1
seedCONFIDENTIAL,1
seedSOCCER 2,1
seedCREWCUT,1
seedPJS,1
seedAPART,1
seedALASKA,1
seedINDEPENDENT,1
seedMISCHIEVOUS,1
seedMARCH,1
seedPILLOW,1
seedAUDITORIUM,1
seedFOREVER,1
seedSLINGSHOT,1
seedSEVEN,1
seedSICK,1
seedINCREDIBLE,1
seedRELEASE,1
seedBIRD,1
seedSTRAW,1
seedELEMENTARY SCHOOL,1
seedFOLLOW 1,1
seedCROWN,1
seedWOOD,1
seedI LOVE_YOU,1
seedCASUAL,1
seedZEBRA,1
seedBACK OUT,1
seedCHALLENGE,1
seedPLAY,1
seedMICROPHONE,1
seedGUILLOTINE,1
seedMODEL 2,1
seedAUDIENCE,1
seedDRAW,1
seedCONTINUE,1
seedCONGRATULATIONS,1
seedCEMETERY,1
seedCONFLICT,1
seedSOFTBALL,1
seedVISITOR,1
seedBASEBALL CAP,1
seedFAR,1
seedJACKET 3,1
seedANNOUNCE,1
seedFREEDOM,1
seedERASE,1
seedOWL,1
seedBELL,1
seedSCARCELY,1
seedONLY ONE,1
seedEXPENSIVE,1
seedPICNIC,1
seedWAIT,1
seedHONK,1
seedIF,1
seedCOCONUT,1
seedCREAM 2,1
seedCLOUD 3,1
seedCLOSE,1
seedWHERE,1
seedPEG 3,1
seedSCULPT,1
seedBOIL 2,1
seedNOT CARE,1
seedPARALLEL,1
seedBAG,1
seedCOWBOY,1
seedINVEST,1
seedSHOVEL 2,1
seedANY,1
seedFACE,1
seedHOE,1
seedINVISIBLE,1
seedIRON 2,1
seedHEAD GRIND,1
seedBAT,1
seedFREAK OUT,1
seedCALL,1
seedWORRY,1
seedGIFT,1
seedSIDE,1
seedACCEPT,1
seedASSIST,1
seedPAGE,1
seedSNAP,1
seedUGLY,1
seedCRY 2,1
seedMOTORCYCLE,1
seedINFLUENCE,1
seedCOUCH 1,1
seedMIX 2,1
seedSANDWICH 3,1
seedSERVE 2,1
seedTURKEY,1
seedMEMORIZE MEMORIZE,1
seedTHINK PENETRATE,1
seedEDGE,1
seedCUT REMOVE VID,1
seedHAIRDRYER,1
seedSOCKS,1
seedLOAD 2,1
seedTHEN,1
seedCRAWL 2,1
seedHALL,1
seedPEG,1
seedHAIR 2,1
seedDRESS,1
seedRUSH,1
seedAIRPLANE,1
seedFISHING 2,1
seedTEAR,1
seedFEED,1
seedFINGERS CROSSED,1
seedEARN,1
seedFINGER,1
seedSWEET,1
seedBORROW,1
seedOPERATE MACHINE,1
seedPULL,1
seedCHEER,1
seedGROW,1
seedMAILMAN,1
seedBLOW MIND,1
seedSPRING,1
seedMILK,1
seedHONEST,1
seedHOLD ACCOUNTABLE,1
seedROW,1
seedMOSQUITO,1
seedICE,1
seedSTETHOSCOPE,1
seedOOH,1
seedEITHER,1
seedFINGERSPELLING,1
seedPENGUIN,1
seedCANADA,1
seedSUSHI,1
seedHELMET,1
seedSTEAM,1
seedPRESIDENT,1
seedGIVE,1
seedSHIRT 2,1
seedGOOD,1
seedGAY,1
seedSTOCKINGS,1
seedCATCH BASEBALL,1
seedSIX,1
seedCONNECTION,1
seedGRIND,1
seedUNTIL,1
seedSKATEBOARDING 2,1
seedPANCAKE,1
seedBUMPY,1
seedDEFLATE,1
seedPITCHER,1
seedWELL,1
seedSTUDENT,1
seedDOUBLE,1
seedSOPHOMORE,1
seedSTRUCTURE,1
seedCARROT,1
seedDENTIST 2,1
seedSHARPEN 1,1
seedFLOAT 3,1
seedLEAK,1
seedEXAMPLE,1
seedEMAIL,1
seedTONGUE,1
seedFINALLY,1
seedSTRONG,1
seedRED,1
seedTRY,1
seedPOP,1
seedPEACOCK,1
seedBOYFRIEND,1
seedUP,1
seedLIGHTNING,1
seedOWN,1
seedBREAKTIME,1
seedSOCCER,1
seedPOINT INDEX,1
seedRAZOR 2,1
seedSCIENCE,1
seedSCARF,1
seedGORILLA,1
seedIMPORTANT,1
seedCHOKE,1
seedALL GONE,1
seedTHINK CHIN,1
seedHAIRDRYER 2,1
seedTOY 1,1
seedPET,1
seedNOT A_THING,1
seedJUGGLE,1
seedOBSESS,1
seedDROWN 2,1
seedDOLL,1
seedPREGNANT,1
seedSCARF 3,1
seedPINEAPPLE 3,1
seedAGE,1
seedFIND,1
seedNECKLACE 2,1
seedFILE 2,1
seedPILLOW 3,1
seedCULTURE,1
seedPOLISH,1
seedDOMINANT,1
seedSHOOT 2,1
seedDILEMMA,1
seedPUMPKIN,1
seedERUPT 2,1
seedDICTIONARY,1
seedSIGNATURE,1
seedCOACH,1
seedLICK 2,1
seedASSEMBLY,1
seedFIRE,1
seedSCAR MEMORY,1
seedCOOL 3,1
seedKNOW NOTHING,1
seedBOOK,1
seedIPHONE,1
seedUNIQUE,1
seedSEE SEE,1
seedSWEAR IN,1
seedGET,1
seedUNIVERSE,1
seedHOLD TOGETHER,1
seedDISCUSS,1
seedBRAILLE,1
seedPOLICY,1
seedSTOMACH,1
seedSCARF 2,1
seedWHISTLE 3,1
seedTHANK YOU,1
seedCHEAP,1
seedSCRIPT,1
seedFEEL,1
seedCREATE,1
seedRESTLESS,1
seedFORK 2,1
seedTO A_GOAL,1
seedSECRETARY,1
seedNURSE,1
seedLIGHTS ON,1
seedDEVOUR,1
seedCANDLE,1
seedSHOULD,1
seedSLIDE,1
seedSTETHOSCOPE 4,1
seedCAR ACCIDENT,1
seedCANOE,1
seedSOMERSAULT 3,1
seedCASTLE 4,1
seedCAN,1
seedARTICULATE SIGN,1
seedMEASURE 2,1
seedDREAM,1
seedDINING ROOM,1
seedCOME HERE,1
seedSTACK 2,1
seedGUILLOTINE 1,1
seedTHIEF 1,1
seedPINEAPPLE 2,1
seedCLOWN,1
seedCLEAN,1
seedKISS 2,1
seedSUMMARIZE,1
seedBANANA 4,1
seedCHEESE GRATER,1
seedLAST,1
seedFAMOUS,1
seedLEMON 2,1
seedALL OVER_BODY,1
seedEGYPT,1
seedDUTY,1
seedMEXICAN,1
seedHAND SOAP,1
seedRAKE,1
seedPIZZA CUTTER,1
seedBEST,1
seedTHAN,1
seedTINY,1
seedWALLET,1
seedFRANCE,1
seedBRAINSTORM,1
seedLIST,1
seedCOOL 1,1
seedDEEP,1
seedLOOK AT,1
seedTOW 3,1
seedTOBACCO,1
seedBAR,1
seedPANTS,1
seedHIGHLIGHTER,1
seedKITCHEN,1
seedCROCODILE,1
seedSTRICT,1
seedLINE,1
seedBRUSH,1
seedBUILDING,1
seedSEW,1
seedJUICE 1,1
seedPIPE 4,1
seedSTRESS,1
seedLOST,1
seedCOMPLEX,1
seedPENCIL,1
seedPIPE,1
seedCATCH 2,1
seedHELMET 2,1
seedRIDE 2,1
seedMIME,1
seedTEACHER,1
seedPRIDE,1
seedSUPPORT 1,1
seedLICK ENVELOPE,1
seedWANDER,1
seedBRICK,1
seedSKIRT,1
seedENGAGEMENT,1
seedEARS UP,1
seedCAMERA,1
seedPLANT,1
seedIRON,1
seedATHLETE,1
seedRESPONSIBILITY,1
seedAREA,1
seedINTRODUCE,1
seedTAKE NOTES,1
seedREQUEST,1
seedACQUIRE,1
seedHOSE,1
seedDEGREE,1
seedPROVIDE,1
seedSUNDAY,1
seedHOODIE 1,1
seedARREST 2,1
seedSATURDAY,1
seedBUS,1
seedGRANDPARENTS,1
seedYEAH,1
seedPROPELLER 1,1
seedPOP 2,1
seedOUT,1
seedBLOND,1
seedROUGH,1
seedPOOL GAME,1
seedFLIPFLOPS,1
seedSHAKESPEARE,1
seedHAMMER,1
seedBLANKET,1
seedPEG 2,1
seedDIZZY,1
seedTOTAL,1
seedTALL 1,1
seedAGREEMENT,1
seedEARTH,1
seedOSTRICH,1
seedMANAGE,1
seedLEAD,1
seedTRIP 1,1
seedPASS,1
seedSON,1
seedTENT,1
seedPIE,1
seedNOT UNDERSTAND,1
seedDIVIDE,1
seedPOOR,1
seedWEIGHT,1
seedSLICE 2,1
seedLET GO,1
seedKISS,1
seedBARK,1
seedWALRUS,1
seedFLOAT,1
seedRECORD,1
seedGO THROUGH,1
seedFROWN 1,1
seedCALL ATTENTION,1
seedON,1
seedEASTER,1
seedCONTACT LENS,1
seedOVERWHELMED,1
seedWE,1
seedGLASS 1,1
seedMUSHROOM,1
seedSEND,1
seedPENIS,1
seedDOLPHIN 3,1
seedSHRIMP,1
seedCLAW,1
seedSTREET,1
seedDRESS UP,1
seedJEWELRY,1
seedSCROLL DOWN,1
seedPLUG 2,1
seedMUSCLE,1
seedFEW,1
seedOVERTAKE,1
seedHOUR,1
seedLUCK,1
seedFALL 1,1
seedBET,1
seedTIE,1
seedADDRESS,1
seedEMPHASIS,1
seedGO,1
seedFASCINATED,1
seedGREEN,1
seedFORBID,1
seedFLUTE,1
seedIMAGINE 2,1
seedTECHNOLOGY,1
seedGO TO_JAIL,1
seedDEODORANT,1
seedENVELOPE 5,1
seedSMOKE,1
seedMENTION,1
seedCOMPASS,1
seedWALK,1
seedBURN 1,1
seedDEMOTE,1
seedMEMBER,1
seedCALM,1
seedAGAINST,1
seedMAIL 2,1
seedORANGE THROAT,1
seedSALAD,1
seedQUALITY,1
seedDISPATCH,1
seedGUIDE,1
seedBABY,1
seedDOESNT MATTER,1
seedCOUNSELOR,1
seedGOSSIP,1
seedTHINK OVER,1
seedAFTERNOON,1
seedUNAWARE,1
seedCHIMNEY,1
seedBECAUSE,1
seedDRUNK,1
seedSEE,1
seedMETAPHOR,1
seedCHEW 4,1
seedSLEEP,1
seedBUTTONS,1
seedBIND,1
seedWEDNESDAY,1
seedRETIRE,1
seedOTHER,1
seedPREDICT,1
seedQUIT,1
seedFRONT,1
seedHARD OF_HEARING,1
seedPOPCORN,1
seedCARVE,1
seedBUY,1
seedQUIET,1
seedMOVE DOWN,1
seedSPOT SOMETHING,1
seedTAPE,1
seedBEAR,1
seedCLOCK,1
seedTRUTH,1
seedYOUNG,1
seedRANGE,1
seedTRACTOR,1
seedLECTURE,1
seedFACULTY,1
seedSQUARE IDIOT,1
seedBOWL,1
seedBATHROOM,1
seedBRAVE,1
seedCANNOT,1
seedSAUCE,1
seedPERMISSION,1
seedNEXT,1
seedPOSSUM,1
seedENVELOPE,1
seedYOU,1
seedIMAGINE,1
seedNAVY,1
seedFAMILY,1
seedDOWNHILL,1
seedHUG,1
seedPOUR,1
seedEAGLE,1
seedLOOK LIKE,1
seedMUSIC,1
seedBOWLING 2,1
seedHIT 2,1
seedGLOVE,1
seedSUSPEND,1
seedSUSPENDERS,1
seedBANANA 3,1
seedAUTISM 2,1
seedWINTER,1
seedBRIDESMAID,1
seedPERSON,1
seedEXPLANATION,1
seedBULL,1
seedSURE,1
seedHANDS OFF,1
seedMUSEUM,1
seedRHINO 3,1
seedSTICKY,1
seedSENSITIVE,1
seedBASIC,1
seedBRA 2,1
seedDRYER,1
seedTIE 2,1
seedBEFORE,1
seedSWING,1
seedCOMMUNITY,1
seedSIREN,1
seedMEA CULPA,1
seedEMBARRASS,1
seedMOVE,1
seedBRA 3,1
seedMEASURE,1
seedSOME,1
seedBANK,1
seedTOURNAMENT,1
seedRHINO,1
seedBALLOON,1
seedANALYZE,1
seedSHIELD,1
seedROPE,1
seedROOF,1
seedVANISH,1
seedBANDAID,1
seedSORRY,1
seedPARENTS,1
seedPOWER,1
seedFOOL,1
seedEXCITED,1
seedKITE,1
seedOCTOPUS,1
seedGLOVES,1
seedNOSE,1
seedELEGANCE,1
seedKNIGHT 2,1
seedTOSS OUT,1
seedOPEN,1
seedMOUTH,1
seedKITE 2,1
seedTENNIS,1
seedINCH,1
seedEGG BEATER,1
seedLIPREAD,1
seedPLIERS,1
seedBRIGHT,1
seedSLAVE,1
seedMAKE BELIEVE,1
seedDORMITORY,1
seedSLICE,1
seedVEGETABLE,1
seedPEACE,1
seedGOVERNMENT,1
seedOUR,1
seedPATIENT,1
seedPRESS,1
seedUNDERWEAR 2,1
seedPIG,1
seedWHITE,1
seedMOP 2,1
seedBLOW CANDLE_1,1
seedCORKSCREW,1
seedWHY,1
seedSMELL,1
seedATTITUDE,1
seedBUT,1
seedEMPTY 2,1
seedMORNING,1
seedMEMORIZE,1
seedPLACE,1
seedCONCEPT,1
seedTAIL 2,1
seedFENCE,1
seedCALL 2,1
seedTAKE CARE,1
seedCATEPILLAR,1
seedBALANCE,1
seedSTAMP 1,1
seedTOMATO,1
seedCRACKER 2,1
seedBLOW CANDLE_2,1
seedSHOES,1
seedIMMATURE,1
seedHANDSOME,1
seedONE,1
seedSURF,1
seedHALF HOUR,1
seedHATCH 2,1
seedTRUE,1
seedFLIP,1
seedCHAIN,1
seedGET TOGETHER,1
seedVIDEOPHONE,1
seedGYM,1
seedSHORTS,1
seedASIA,1
seedFIRST,1
seedOPPORTUNITY,1
seedSIDEBURNS,1
seedERASER,1
seedWRISTWATCH 3,1
seedNOTHING,1
seedPARK,1
seedFOUL,1
seedNETWORK,1
seedCRAZY,1
seedSOMETHING,1
seedFROWN 2,1
seedAPRIL,1
seedHOLD,1
seedREASON,1
seedTAN,1
seedCAPTION,1
seedVIOLIN,1
seedSOPHISTICATED,1
seedHOODIE 2,1
seedSMOKING,1
seedFRENCH,1
seedMOCK,1
seedCHEW 2_MOUTH,1
seedACTOR,1
seedDRY,1
seedCLOSET 2,1
seedWIFE,1
seedHEN,1
seedPOSITIVE,1
seedDELEGATE,1
seedISOLATED,1
seedPEAR,1
seedTHROW,1
seedNOISE,1
seedEND,1
seedSTAMP 2,1
seedTHRILLED,1
seedWEIGH,1
seedLESS,1
seedSAME,1
seedSKATEBOARDING,1
seedSTUMBLE,1
seedPRETEND,1
seedBASEBALL,1
seedSTIMULATE,1
seedWEAK,1
seedSTRAIN 2,1
seedEARRING,1
seedSTACK 4,1
seedSTACK,1
seedTURN AROUND,1
seedSUBTRACT,1
seedLANGUAGE,1
seedREMOVE,1
seedSANDWICH,1
seedHOLD 2,1
seedWINK,1
seedMOON,1
seedSPONTANEOUS,1
seedBEANIE,1
seedIMPACT,1
seedBIRTH,1
seedCAREFUL,1
seedCURIOUS,1
seedW.H.A.T,1
seedBUSY,1
seedNECKLACE 4,1
seedHAPPY,1
seedME,1
seedBREAK DOWN,1
seedINSTITUTE,1
seedSNOW,1
seedBAD,1
seedWHITE PERSON,1
seedASK,1
seedMINE,1
seedEACH OTHER,1
seedMEAT 2,1
seedEFFECT,1
seedSOUTH,1
seedCURTSEY 2,1
seedPAPERCUTTER,1
seedREADY,1
seedHALF,1
seedENEMY,1
seedPLUS,1
seedOWE,1
seedLESSON,1
seedTOILET,1
seedSLICE 4,1
seedSLIPPER,1
seedMIX 3,1
seedSCRATCH,1
seedLAND,1
seedBEER,1
seedCUTE,1
seedMEGAPHONE,1
seedMOTIVATION,1
seedSOUR,1
seedSPREAD 2,1
seedSCIENTIST,1
seedSSHH,1
seedLAUGH,1
seedBONE,1
seedCRASH PLANE,1
seedCONTACT,1
seedCOMFORTABLE,1
seedWOLF,1
seedDIRECTOR,1
seedTURN,1
seedSHARP 2,1
seedSHARK 2,1
seedADOPT,1
seedPIZZA,1
seedCHAIR,1
seedMOP,1
seedDISSOLVE,1
seedPASS OUT,1
seedSAILBOAT,1
seedWIND,1
seedZOO,1
seedHAMBURGER,1
seedMARIONETTE,1
seedJAPAN,1
seedALL WAY,1
seedEVERY YEAR,1
seedNAKED,1
seedTTY,1
seedTALK DIRTY,1
seedSWEATSHIRT,1
seedTHINK CONNECT,1
seedWAY,1
seedMAGNET 4,1
seedHANDSOME 1,1
seedPUSH,1
seedSERVE 1,1
seedBECOME,1
seedFASHION,1
seedTEAR RIP_2,1
seedROAST,1
seedBANDAGE,1
seedORANGE EYES,1
seedJOIN,1
seedMISUNDERSTAND,1
seedFALLING ASLEEP,1
seedSMILE 2,1
seedSTACK 3,1
seedYOURSELF,1
seedREFUSE,1
seedHELL,1
seedKISS 3,1
seedCRACKER,1
seedCHICAGO,1
seedSWALLOW,1
seedEXPERT,1
seedJOKE,1
seedUNDER,1
seedFLOOR,1
seedENVELOPE 3,1
seedMUMMY,1
seedSCARED,1
seedTEASE,1
seedSWEATER 3,1
seedFILM,1
seedUNIVERSITY,1
seedSAXOPHONE,1
seedSHUT OUT,1
seedCOUNT,1
seedTEA,1
seedGIRAFFE,1
seedFROM THEN_ON,1
seedATLANTA,1
seedBEDROOM,1
seedBEACH,1
seedERASE 2,1
seedSTOPWATCH,1
seedNAPKIN,1
seedSHOP 1,1
seedMEAT,1
seedFINISH,1
seedINVITE,1
seedSOMERSAULT 2,1
seedTANKTOP,1
seedWASTE,1
seedFOREVER 2,1
seedORAL,1
seedDAMN,1
seedSHOW,1
seedSURGEON,1
seedYESTERDAY,1
seedPEACH 2,1
seedTIME PROGRESS,1
seedPET 2,1
seedONCE,1
seedPAPER,1
seedWHEELCHAIR,1
seedMICROWAVE,1
seedWEEK,1
seedINJECT,1
seedHIPPO 2,1
seedINTERESTED,1
seedPERFUME,1
seedROLL,1
seedSTAND 2,1
seedSUCK THUMB,1
seedCATCH 3,1
seedCHEW 3,1
seedPRIEST,1
seedWHIP,1
seedCIGARETTE,1
seedBULLDOZER,1
seedGET THROUGH,1
seedOFF THE_POINT,1
seedMAGNIFY 2,1
seedIDENTITY,1
seedBOX,1
seedSNAKE,1
seedGAS,1
seedNICE,1
seedSKATEBOARDING 3,1
seedFOREST,1
seedBLANK,1
seedLOCK 3,1
seedUPSET,1
seedMONTH,1
seedPOTATO,1
seedINDIAN,1
seedHEAR 1,1
seedLINGUISTICS,1
seedPOSTPONE,1
seedFADE,1
seedITCH,1
seedSELF,1
seedCATCH,1
seedPILE,1
seedCOOPERATE,1
seedDISAPPOINT,1
seedNECK,1
seedHONEY 2,1
seedLOOK APPEARANCE,1
seedARM 2,1
seedSHAME,1
seedORDER,1
seedVILLAGE,1
seedFAT,1
seedDEAL CARDS,1
seedBOLT,1
seedBEAT,1
seedSHINY,1
seedHAIR,1
seedTRUCK 2,1
seedLOYAL,1
seedMEET,1
seedONE YEAR AGO,1
seedCIRCUSWHEEL,1
seedTABLET,1
seedCITY,1
seedCAR BATTERY,1
seedFISH,1
seedDREADLOCKS,1
seedBLESS,1
seedFEEDBACK,1
seedWHY NOT,1
seedMOUNTAIN 2,1
seedSNAIL,1
seedTOO MUCH,1
seedSTATE,1
seedMAGNET 3,1
seedSANDWICH 4,1
seedJISAW PUZZLE,1
seedGRENADE,1
seedDRIBBLE,1
seedTHEATRE,1
seedDIVE,1
seedACCESS,1
seedPROTEST,1
seedELEVATOR 3,1
seedWRISTWATCH 2,1
seedLONG TIME,1
seedLEAVE,1
seedFEBRUARY,1
seedRELAX,1
seedHOUSE,1
seedLISTEN,1
seedEYE TURN,1
seedCOCACOLA,1
seedROAR,1
seedMISS,1
seedSYSTEM,1
seedSTRANGE,1
seedRICH,1
seedMEDITATE,1
seedSOMETIMES,1
seedGAMBLE,1
seedNORTH,1
seedBENEFIT,1
seedFRUIT,1
seedINSTEAD,1
seedCAMCORDER,1
seedGLOVES 4,1
seedRABBIT 2,1
seedUNDERSTAND,1
seedSNOB,1
seedBED,1
seedFLASHLIGHT,1
seedFAUCET,1
seedGOTCHA,1
seedERASE 4,1
seedTHANKSGIVING,1
seedBLAME,1
seedTABLE,1
seedTOWEL,1
seedHOW,1
seedFOND,1
seedPROJECT,1
seedSERIOUS,1
seedHE,1
seedTORNADO,1
seedRIGHT 1,1
seedFRACTION,1
seedMASCARA,1
seedHINGE,1
seedRESPECT,1
seedDONT CARE,1
seedDOLPHIN,1
seedCHOP,1
seedYUCKY,1
seedSHEEP,1
seedSKUNK,1
seedRELIGION,1
seedCAT 2,1
seedRHINO 2,1
seedFRUSTRATE,1
seedPUBLIC,1
seedMEDITATE 3,1
seedIN,1
seedKINDERGARTEN,1
seedWATER SKI,1
seedCALIFORNIA,1
seedWARN,1
seedHANDSOME 4,1
seedVISIT,1
seedEVERYTHING,1
seedBOILING MAD,1
seedBUTTER,1
seedLAY DOWN,1
seedHOLY,1
seedTEACH 2,1
seedCLOSET 1,1
seedWASH FACE_1,1
seedTEMPTATION,1
seedTOMORROW,1
seedPICTURE,1
seedANGRY,1
seedEYES,1
seedTAKE PILL,1
seedREACT,1
seedFISHING,1
seedNEEDLE,1
seedWORKSHOP,1
seedGROUP,1
seedPUT ASIDE,1
seedSTUCK,1
seedTEAM,1
seedYOUR,1
seedOCEAN,1
seedNOW,1
seedFREE,1
seedFRY,1
seedKEYBOARD,1
seedBLACK,1
seedDEDICATE 2,1
seedVACATION,1
seedPUT IN_BACK_MIND,1
seedHAIRDRESSER,1
seedWIDE,1
seedCORN 3,1
seedMAGNET,1
seedDENY,1
seedAGAIN,1
seedTRIM 1,1
seedHONGKONG,1
seedPULL CONVINCE,1
seedSWIM 2,1
seedSUCK,1
seedWISH,1
seedBETTER,1
seedPINEAPPLE 5,1
seedSHORT PERSON,1
seedREMOTE CONTROL,1
seedMORE,1
seedINTERPRETER,1
seedWARM,1
seedSIGN,1
seedDOCUMENT,1
seedCAN 2,1
seedEVENT,1
seedINTEREST,1
seedRAISIN,1
seedWHEELBARROW,1
seedPEAS 1,1
seedFEED 2,1
seedCHARACTER,1
seedSOON,1
seedLEAF 2,1
seedSTILL,1
seedCRY,1
seedSOW,1
seedHURT,1
seedREALLY,1
seedDRAGON,1
seedTURBAN,1
seedCOOK,1
seedGARAGE,1
seedHOLD HANDS,1
seedGRADUATE,1
seedSINGLE,1
seedDECORATE 1,1
seedPEANUT BUTTER,1
seedSWEATPANTS,1
seedNEWS TO_ME,1
seedARRIVE,1
seedSWING 2,1
seedTIME,1
seedBODY,1
seedRELATIONSHIP,1
seedTHINK,1
seedBOOTS 2,1
seedEXPRESS,1
seedROLLERSKATING,1
seedHEART,1
seedUS,1
seedTEMPER BLOW UP,1
seedECLIPSE,1
seedMATCH,1
seedBUTTERFLY,1
seedSOCIALIZE,1
seedDUMB,1
seedACCOUNTANT,1
seedSOCIAL,1
seedPAST,1
seedRAT,1
seedWET,1
seedANGEL,1
seedHOWL,1
seedGROW UP,1
seedWHEN,1
seedTOPIC,1
seedRESULT,1
seedOVER,1
seedSHARK 1,1
seedPERCEIVE,1
seedTHEORY,1
seedWHEEL,1
seedEASEL,1
seedOR,1
seedCURLY HAIR,1
seedOIL,1
seedRIBBON AWARD,1
seedPHOTOGRAPHY,1
seedOUTSIDE,1
seedBEANS,1
seedLONG LINE,1
seedSTORY 2,1
seedCELLPHONE,1
seedLOVE,1
seedMOST,1
seedCHEERLEADER 2,1
seedEXCUSE,1
seedSQUEEZE,1
seedJACKET 2,1
seedFORK 4,1
seedLAPTOP,1
seedSPEND,1
seedCORNER,1
seedINTERVIEW,1
seedGAME,1
seedFATHER,1
seedSALT,1
seedSTRIPE,1
seedDISCONNECT,1
seedDIAMOND,1
seedPLAYERS,1
seedSNOWSUIT,1
seedTIE UP_1,1
seedMONEY,1
seedMOOSE,1
seedAMAZING,1
seedSMALL,1
seedGLASS 3,1
seedSHY,1
seedSTORY 1,1
seedBAT 1,1
seedNECKLACE,1
seedBAT 2,1
seedORANGE,1
seedREPLACE,1
seedDRIP,1
seedSTAMP,1
seedASSIGN,1
seedSOAP,1
seedDOUBT,1
seedINFECTION,1
seedBUBBLES,1
seedCOME OUT,1
seedENVELOPE 2,1
seedHARP,1
seedCATEGORY,1
seedMESS,1
seedBUFFALO,1
seedMIND TURNED,1
seedDO DO,1
seedDIRTY,1
seedHORSE,1
seedBACK UP,1
seedPICKLE,1
seedHUNT,1
seedBAKE 2,1
seedBURP,1
seedCASTLE,1
seedPILL,1
seedCOCAINE,1
seedACCOMPLISH,1
seedFUNNY,1
seedSLIP,1
seedSTUPID 1,1
seedYES,1
seedWASH 1,1
seedLAZY,1
seedBURY,1
seedMAKE,1
seedPINCH,1
seedLOOK FOR,1
seedBEAK,1
seedFINGERSPELL,1
seedVIDEOGAME,1
seedCLEFTCHIN,1
seedCONCERNED,1
seedSHOT,1
seedPIANO,1
seedALRIGHT,1
seedCAUGHT,1
seedDELINQUENT,1
seedWHAT 1,1
seedSQUARE,1
seedSTRUGGLE,1
seedBACK,1
seedBOY,1
seedPLOW,1
seedSMELL MONEY,1
seedGOATEE,1
seedEXPERIMENT,1
seedBRING,1
seedINTERNET,1
seedCARRY,1
seedMACHINE,1
seedTALK,1
seedPAINTBRUSH,1
seedDIP 2,1
seedHIS,1
seedCHILD,1
seedCOMPUTER MOUSE,1
seedFOURTH,1
seedSTING,1
seedLOSE,1
seedPEPPER,1
seedPEEKABOO,1
seedDONT WANT,1
seedNORMAL,1
seedGRAPES,1
seedCRUMPLE,1
seedASSISTANT,1
seedMATH,1
seed5 DOLLARS,1
seedPROCESS,1
seedSHOULDER 3,1
seedCATAPULT,1
seedTRUE BUSINESS,1
seedDONKEY,1
seedOPINION 2,1
seedFIANCE,1
seedGUN,1
seedCHAOS,1
seedKNIGHT 5,1
seedGO BACK_AND_FORTH,1
seedEXPERIENCE,1
seedLONG,1
seedVAGINA,1
seedQ TIP,1
seedTHREE,1
seedARM,1
seedSAIL,1
seedGOOSEBUMPS,1
seedMAN,1
seedSTEAL,1
seedBARELY,1
seedREST,1
seedWHO,1
seedGLASS 2,1
seedINTELLIGENT,1
seedVACUUM,1
seedCONDUCT 3,1
seedMUST,1
seedVALUE,1
seedSTAY AWAKE_24HRS,1
seedSEQUENCE,1
seedHIT 1,1
seedTISSUE,1
seedONION,1
seedROAD,1
seedCHANNEL,1
seedKISS ON_CHEEK,1
seedPAIR,1
seedVAIN,1
seedFORFEIT,1
seedONE MORE_1,1
seedSHARE,1
seedDISLIKE,1
seedALIGN,1
seedBREAKDOWN,1
seedCHERISH,1
seedSHOVEL,1
seedTRANSFER,1
seedFREEZE,1
seedGET INFORMATION_OUT_OF,1
seedVIDEOCAMERA,1
seedLET KNOW,1
seedSPIDER,1
seedPIPE 3,1
seedTIRED,1
seedSARCASTIC,1
seedPROBLEM 1,1
seedCLASH,1
seedTEMPORARY,1
seedSWEATER,1
seedINTERPRET,1
seedDONT LIKE,1
seedHANDS,1
seedKANGAROO,1
seedROLE,1
seedSTEAK,1
seedTASTE,1
seedNEVER,1
seedTWO MORE,1
seedEGO,1
seedBOTH,1
seedA LITTLE BIT,1
seedAWAY,1
seedABSOLUTELY NOTHING,1
seedPRETTY,1
seedPAGEANT,1
seedTV,1
seedPIRATE,1
seedPSYCHOLOGIST,1
seedCELEBRATE,1
seedINSPIRE,1
seedLATE,1
seedBEAVER,1
seedJAW DROP,1
seedFRECKLES,1
seedNEED,1
seedFENCING,1
seedBIG,1
seedSHOCKED,1
seedCAROUSEL,1
seedHATBRIM,1
seedBLINDS 1,1
seedRELIEF,1
seedGET OFF,1
seedLET ME_SEE,1
seedDRILL,1
seedTRIM 2,1
seedSWITZERLAND,1
seedYAWN 1,1
seedLICENSE,1
seedSAW,1
seedGRANDFATHER,1
seedKNIGHT 3,1
seedWRAP,1
seedBLUSH,1
seedMAID,1
seedYOYO,1
seed9 OCLOCK,1
seedPINK,1
seedMILK 2,1
seedEMOTION,1
seedPAINT,1
seedBERRY,1
seedFIT,1
seedSOON 3,1
seedATTENTION,1
seedARCHEOLOGY,1
seedSHAVE 4,1
seedAFRICA,1
seedSCORE,1
seedNEW YORK,1
seedEVIDENCE,1
seedGRADE,1
seedWASH 3,1
seedIMMERSE,1
seedPARAGRAPH,1
seedSTUPID 2,1
seedHAT 2,1
seedREACH,1
seedVERB,1
seedCLICK,1
seedLOBSTER 3,1
seedBACKYARD,1
seedOH I_SEE,1
seedHELICOPTER 3,1
seedTHERAPY,1
seedSQUIRREL,1
seedSAME TIME,1
seedCOLLEGE,1
seedHEAVEN,1
seedBATH,1
seedBYE,1
seedDESIGN,1
seedDELIBERATE,1
seedGHOST,1
seedCOMPUTER,1
seedGREECE,1
seedTHUNDER,1
seedNEW,1
seedDISNEY,1
seedBRIDGE 2,1
seedIMPOSSIBLE,1
seedDOCTOR 2,1
seedHARMONICA,1
seedLIBRARY,1
seedACCENT,1
seedBOWLING,1
seedREGISTER,1
seedINTENTIONAL,1
seedHAPPEN,1
seedRESENT,1
seedCOOL 5,1
seedMANY,1
seedMODEL 1,1
seedCOLOR,1
seedZERO,1
seedGUM,1
seedTICKET,1
seedFOX,1
seedPROOF,1
seedSUMMON,1
seedDINOSAUR 2,1
seedPOWDER,1
seedTEAR RIP_1,1
seedEQUAL,1
seedRESIST,1
seedDIFFERENT SITUATION,1
seedALONE,1
seed1 DOLLAR,1
seedINNOCENT,1
seedPOP 4,1
seedTHERE,1
seedINSIDE,1
seedKNITTING 3,1
seedARTICLE,1
seedHELP,1
seedMCDONALDS,1
seedMIDDLE,1
seedFUN,1
seedMAGIC,1
seedERASE 3,1
seedMOTIVATION 1,1
seedPSYCHOLOGY,1
seedORGANIZATION,1
seedCHAMPION,1
seedSELL,1
seedART,1
seedHIGH HEELS,1
seedSWORD,1
seedTHROW 2,1
seedSTRAWBERRY 3,1
seedALL DAY,1
seedARM 3,1
seedCAKE,1
seedOIL 2,1
seedNOT,1
seedLOSE GAME,1
seedCURTAIN,1
seedOFFEND,1
seedTAKE,1
seedHEADACHE,1
seedLIGHT CANDLE,1
seedWOW,1
seedPOPULAR,1
seedFILE 3,1
seedDAY,1
seedVERY,1
seedWRISTWATCH,1
seedVIBRATE,1
seedEASY,1
seedMAGNIFY 1,1
seedWRITE,1
seedSHOOT,1
seedCREAM,1
seedABOVE,1
seedMEAN 1,1
seedTIE UP_2,1
seedINSTAGRAM,1
seedDIVORCE,1
seedMY,1
seedTRIP 2,1
seedOOPS,1
seedWEST,1
seedRESCUE,1
seedSECRET,1
seedCREDIT CARD,1
seedWASH MACHINE,1
seedLOCKER,1
seedBOW 2,1
seedUNCLE,1
seedCHIN 2,1
seedSTADIUM,1
seedALARM,1
seedIGNORE,1
seedWORLD,1
seedROOMMATE,1
seedFORMER,1
seedCORN 1,1
seedFURNITURE,1
seedLIGHT 2,1
seedEAGLE 2,1
seedADVERTISE,1
seedVASE,1
seedSUN,1
seedCARROT 2,1
seedCHARGE CARD,1
seedSPACE,1
seedLOOK BACK,1
seedUNDERGRADUATE,1
seedGRANDMOTHER,1
seedALWAYS,1
seedTHERMOMETER,1
seedHEADPHONES,1
seedGRIEVE,1
seedHAIR CLIPPER,1
seedHANG,1
seedNOSE BLEED,1
seedCOOKIE,1
seedCOINS,1
seedSMART,1
seedBALL,1
seedGUN 2,1
seedVAMPIRE,1
seedRELAX 2,1
seedRAINBOW,1
seedDANCER,1
seedWINDMILL 3,1
seedBICYCLE,1
seedPOINT,1
seedDECLINE,1
seedAT,1
seedDONT MIND,1
seedBLOW,1
seedGREET 2,1
seedWRAP UP,1
seedTWO OF_US,1
seedWADE,1
seedFARM,1
seedSKILL,1
seedWHAT 2,1
seedTOP,1
seedFRAUD,1
seedSEVERAL,1
seedCHEW 1,1
seedHIPPO,1
seedMYSELF,1
seedPACK,1
seedKITTEN,1
seedFRINGE,1
seedBRACELET,1
seedBATTERY,1
seedGO AHEAD,1
seedPOUR 2,1
seedRUSSIA,1
seedSEEM,1
seedROOM,1
seedDEFEAT,1
seedWORD,1
seedBITCH,1
seedDEPARTMENT,1
seedTAIL,1
seedSET UP,1
seedWANT,1
seedWRING,1
seedSTRAWBERRY 4,1
seedOIL 3,1
seedSTINK,1
seedFANTASY,1
seedCABINET,1
seedCHURCH,1
seedCHEERLEADER,1
seedHANDCUFFS,1
seedCEILING,1
seedREAL SICK,1
seedCOUNTRY,1
seedSHAPE,1
seedCLIP,1
seedBRA,1
seedJEWISH,1
seedSNEEZE 2,1
seedSWEEP,1
seedMOUNTAIN,1
seedHELICOPTER,1
seedSELECT,1
seedCHAT,1
seedVEST,1
seedWINDY,1
seedBISON,1
seedSISTER,1
seedCANNON,1
seedCROSS HEART,1
seedGUN 3,1
seedNAME,1
seedHYPOCRITE,1
seedWITHOUT,1
seedBRAG,1
seedSUPPORT 2,1
seedNEXT TO,1
seedPEEL 3,1
seedREVENGE,1
seedEASY TO_DO,1
seedSOMERSAULT,1
seedERUPT 1,1
seedGRASP,1
seedPONDER,1
seedNAVEL,1
seedENGINE START,1
seedPLUNGER,1
seedDATE,1
seedINSPIRING,1
seedCLASS,1
seedWINDOW,1
seedLEAF,1
seedADMIRE,1
seedCLOCK 2,1
seedSNEAK ADVENTURE,1
seedCOMB,1
seedCROSS 2,1
seedUMBRELLA,1
seedEARTHQUAKE,1
seedJUMP ROPE,1
seedFILTER,1
seedBOXING,1
seedWEEKEND,1
seedMAD,1
seedALL OVER,1
seedZOOM OFF,1
seedPARADE,1
seedREMIND,1
seedBOWTIE,1
seedCAMEL,1
seedBUDGET,1
seedSCULPTURE,1
seedSPEND LOTS_OF_MONEY,1
seedBROTHER,1
seedARREST 3,1
seedSCISSORS,1
seedLIE,1
seedWINDMILL 2,1
seedSTRING,1
seedCHEEK,1
seedJUDGE,1
seedBAKE 1,1
seedCRANKY,1
seedTIRED OF,1
seedPIPE 2,1
seedDIFFERENT,1
seedSHAKE 2,1
seedNUT 2,1
seedFAIL,1
seedPIZZA 2,1
seedLIVING ROOM,1
seedTIGER,1
seedPUNCH FACE,1
seedBLOOD,1
seedPRINCE,1
seedBRAINWASH,1
seedTRAIN,1
seedPROGRAM,1
seedKILL,1
seedTEND YOUR,1
seedNET,1
seedBITE ON NECK,1
seedIRON 3,1
seedKNIGHT,1
seed8 HOUR,1
seedKNIFE 2,1
seedHONEY 1,1
seedPLAYGROUND,1
seedDAUGHTER,1
seedTODAY,1
seedTWO,1
seedCOST,1
seedLAW,1
seedMAGAZINE,1
seedWADE 2,1
seedINTERVENE,1
seedROSE,1
seedHOTEL,1
seedREMEMBER,1
seedGET IN_BED,1
seedKNOCK,1
seedPLATFORM,1
seedPINCH 2,1
seedROBOT,1
seedSCREWDRIVER 2,1
seedACCORDION,1
seedHOP,1
seedFLIP SWITCH,1
seedDISRUPT,1
seedELEVEN,1
seedWALL,1
seedPROMISE,1
seedDEVIL,1
seedSCOLD,1
seedAWAKE,1
seedLONG WORD,1
seedSHORT DISTANCE,1
seedWHALE,1
seedCALL TTY,1
seedGENERATION,1
seedSLIP 2,1
seedCERTIFICATE,1
seedEXPECT,1
seedSPIT OUT,1
seedDANGER,1
seedDUCK 2,1
seedCHOCOLATE,1
seedCURTSEY 1,1
seedTHINK EXPAND,1
seedHIDE,1
seedDESTROY,1
seedDRINK 2,1
seedHABIT,1
seedBOW 3,1
seedWEDDING,1
seedHEARING,1
seedAPPLE,1
seedBIB,1
seedGOD,1
seedYELLOW,1
seedSHAME ON_YOU,1
seedNEXT DOWN,1
seedMUSTACHE,1
seedSCHOOL,1
seedPERSPECTIVE,1
seedFLAG 2,1
seedEIGHT,1
seedROLL UP_SLEEVES,1
seedBLUE,1
seedLEMON,1
seedCOFFEE,1
seedZOOM IN,1
seedFRIENDS NO_MORE_1,1
seedSPAGHETTI,1
seedIMPRESS,1
seedFENCE 2,1
seedTRUCK 1,1
seedPRICE,1
seedORDER 2,1
seedSTORY 3,1
seedCOME,1
seedHONOR,1
seedBOIL,1
seedSTAIRS,1
seedKNIFE,1
seedPASSPORT,1
seedFLAG,1
seedTHINK PONDER,1
seedWATER,1
seedPROFOUNDLY DEAF,1
seedBLEED,1
seedCLEAR,1
seedLOUSY,1
seedSHOUT,1
seedDINOSAUR,1
seedCOUSIN,1
seedROAR 2,1
seedTO,1
seedSNORKEL,1
seedSHAKE,1
seedKEEP,1
seedCUP,1
seedHEAVY,1
seedDUCK,1
seedSCRUB,1
seedBOARD,1
seedGARLIC,1
seedWRITE ON_WALL,1
seedCOMPLAIN,1
seedSCAN,1
seedESCALATOR,1
seedLOUD,1
seedMIND,1
seedGLUE 2,1
seedSTEP,1
seedSHAVE 5,1
seedFAN,1
seedBEARD,1
seedKNITTING,1
seedOVERNIGHT,1
seedSILVER,1
seedCOMMENT,1
seedALL OF_SUDDEN,1
seedWASH DISHES,1
seedFORGETFUL,1
seedWIN,1
seedBUSTED,1
seedHORRIBLE,1
seedFLASHLIGHT 1,1
seedNERVE,1
seedRADIO,1
seedGOING THROUGH_A_HARD_TIME,1
seedYAWN 3,1
seedJACKET 4,1
seedGUITAR,1
seedBLACKBIRD,1
seedSODA,1
seedNIECE,1
seedPHILOSOPHY,1
seedBURY 1,1
seedSWEETHEART,1
seedBLUR,1
seedITALY,1
seedSTETHOSCOPE 2,1
seedFIRED,1
seedLIFT 2,1
seedICECREAM,1
seedSUPERVISE,1
seedRUN,1
seedNINE,1
seedPUZZLED,1
seedSENATE,1
seedMEXICAN 2,1
seedISLAND,1
seedLONELY,1
seedNONSENSE,1
seedPREFER,1
seedSCREWDRIVER 3,1
seedTALK 2,1
seedWALK 2,1
seedPUNISH,1
seedELECTRICIAN,1
seedLAWYER,1
seedSANDALS,1
seedPEEL 2,1
seedSCOUT,1
seedMEAN,1
seedHEAP,1
seedHAHA,1
seedCORN 2,1
seedTHOUGHT DISAPPEAR,1
seedRING,1
seedBOSTON,1
seedLESBIAN,1
seedSAD,1
seedFOLLOW 4,1
seedWAND,1
seedHOPE,1
seedROCKET 1,1
seedWONDER,1
seedBINOCULARS,1
seedKICK,1
seedMOTHER,1
seedRAIN,1
seedFINANCE,1
seedGREEN BEANS,1
seedBANANA,1
seedYAY,1
seedJUMP,1
seedFOR,1
seedSUMMER,1
seedEAST,1
seedSTAND,1
seedTREE,1
seedBARK 2,1
seedAFTER,1
seedTOOTHBRUSH,1
seedCOLD,1
seedSPAIN,1
seedINSULT,1
seedSMOOTH,1
seedAMERICA,1
seedCHEESE,1
seedHURRY,1
seedCLOSE EYES,1
seedGRASS,1
seedDONT FEEL_LIKE,1
seedDEPEND ON,1
seedSHOOTING,1
seedWRONG,1
seedAVERAGE,1
seedSUNRISE,1
seedTRAFFIC,1
seedWRESTLE,1
seedFRISK,1
seedARMY,1
seedSTARE,1
seedSIT,1
seedTEACH,1
seedRABBIT,1
seedDUE,1
seedRUN OUT_OF,1
seedSINK,1
seedDESERT,1
seedCONVINCE 2,1
seedDESSERT,1
seedPRISON,1
seedWILL,1
seedCAPE,1
seedSCREWDRIVER,1
seedRACE,1
seedFIFTH,1
seedEARMUFFS,1
seedDISAPPEAR,1
seedSAW 2,1
seedKING,1
seedGATE CLOSE,1
seedCHERRY,1
seedPAY OFF_BILLS,1
seedVOLLEYBALL,1
seedPRESS IN_MIND,1
seedRUDE,1
seedCAR,1
seedPEEL 1,1
seedLEFT,1
seedGERMANY,1
seedTOY 2,1
seedDENT,1
seedNOT USED_TO,1
seedEMPTY,1
seedSKIN,1
seedBOTTLE,1
seedTWO WEEKS,1
seedCHANCE,1
seedREFRIGERATOR,1
seedHOOD,1
seedCOMB 2,1
seedTEENAGER,1
seedSANDWICH 2,1
seedUDDER,1
seedCHERRY 2,1
seedCHASE,1
seedHAMSTER,1
seedWEIRD,1
seedTUBE TOP,1
seedSAME 2,1
seedCONDUCT 2,1
seedPOSSIBLE,1
seedNOOSE,1
seedISRAEL,1
seedFILL OUT,1
seedTHINGS,1
seedHEALTH,1
seedRULE,1
seedHUNGRY,1
seedNOT YET,1
seedLIPS,1
seedHAIRCUT,1
seedPORCUPINE,1
seedSKI,1
seedBAND AID,1
seedJACKET,1
seedBULLSHIT,1
seedSAVE,1
seedHOW 2,1
seedFRENCHFRIES,1
seedSOFA,1
seedDOLPHIN 2,1
seedNOT MIND,1
seedLAWNMOWER,1
seedDOG 2,1
seedMURDER,1
seedMARRY,1
seedCHEW 2,1
seedHARD,1
seedPISSED OFF,1
seedSUSPECT,1
seedRIGHT 3,1
seedNOTHING AT_ALL,1
seedSLIDE 2,1
seedLEND,1
seedTROUBLE,1
seedMELON,1
seedKNEEL,1
seedHOMEWORK,1
seedESCAPE,1
seedCAFETERIA,1
seedLIMITED,1
seedBARRETTE,1
seedMEDITATE 2,1
seedGOLD,1
seedSCARF 4,1
seedPRINT,1
seedPRIORITY,1
seedTURKEY 2,1
seedFOLD,1
seedHEAD BACK,1
seedPARACHUTE 3,1
seedCAMPING,1
seedLIGHTER,1
seedMELT,1
seedMINUTE,1
seedBREAD,1
seedDONT KNOW,1
seedJELLYFISH,1
seedSPILL 2,1
seedGATE,1
seedSNOW 2,1
seedCAPTURE,1
seedREST ALL_DAY,1
seedCLIENT,1
seedPRACTICE,1
seedNOTHING 2,1
seedWHISTLE,1
seedEACH,1
seedNEPHEW,1
seedOFF,1
seedLOOK FORWARD,1
seedBREAK,1
seedSTRETCH 1,1
seedLATER,1
seedSPREAD 1,1
seedAUNT,1
seedRAZOR,1
seedPERIOD,1
seedTHAT,1
seedGIVE UP,1
seedCHEAT 2,1
seedSLICE 3,1
seedWINE,1
seedGOODY GOODY_SHOE_OPPOSITE,1
seedDEPRESS,1
seedSANTA,1
seedROCK,1
seedSWEATER 2,1
seedGRAMMAR,1
seedAND,1
seedFIRETRUCK,1
seedBUCKLE 2,1
seedDEPTH,1
seedSTAFF,1
seedMICROSCOPE 3,1
seedLAMP 2,1
seedINTUITIVE,1
seedCANDY 1,1
seedJOURNEY,1
seedJUICE 2,1
seedINSTINCT,1
seedTURTLE,1
seedCHECK,1
seedDRINK,1
seedMUCH,1
seedNEAR,1
seedFOCUS,1
seedSTARS,1
seedNUT,1
seedWOMAN 2,1
seedHATE,1
seedHEARTBODY,1
seedSLED 2,1
seedNEWSPAPER,1
seedSHOULDER 2,1
seedESCALATE,1
seedFOLLOW 2,1
seedSUIT,1
seedFLY,1
seedGOAT,1
seedTHROW AWAY,1
seedCRY 4,1
seedSTETHOSCOPE 3,1
seedSIGNING FLUENTLY,1
seedSHARPEN 3,1
seedLUCKY,1
seedCIGAR,1
seedWHOLE,1
seedSHOULDER,1
seedBASKET 2,1
seedHOCKEY,1
seedLIPSTICK,1
seedFILE 4,1
seedSNOWBOARD,1
seedTRIANGLE,1
seedAPPOINTMENT,1
seedCAMERAMAN,1
seedSTAY,1
seedGALLAUDET,1
seedEYES AWAKE,1
seedDIG,1
seedVIEW,1
seedSNEEZE,1
seedTRASH,1
seedFULL,1
seedSCOOP,1
seedSOAP 2,1
seedFOLLOW 3,1
seedCHOPSTICKS,1
seedSHAVE 3,1
seedFAULT,1
seedSAVE MONEY,1
seedABBREVIATE,1
seedCUTE 1,1
seedPHARMACIST,1
seedPROPOSE,1
seedWITH,1
seedGOAL,1
seedROB,1
seedQUARTER,1
seedDICE,1
seedGRADUATE SCHOOL,1
seedCATHOLIC,1
seedTUBE,1
seedCENTER,1
