video_id,subset,action_label,gloss,feature_path
5892698339580624-HOSPITAL,train,0,HOSPITAL,/content/drive/MyDrive/Kophos_Features_MVP_15/features_mp/train/5892698339580624-HOSPITAL.npy
43142287081368647-HOSPITAL,train,0,HOSPITAL,/content/drive/MyDrive/Kophos_Features_MVP_15/features_mp/train/43142287081368647-HOSPITAL.npy
9571221473356939-HOSPITAL,train,0,HOSPITAL,/content/drive/MyDrive/Kophos_Features_MVP_15/features_mp/train/9571221473356939-HOSPITAL.npy
28791918942913153-HOSPITAL,train,0,HOSPITAL,/content/drive/MyDrive/Kophos_Features_MVP_15/features_mp/train/28791918942913153-HOSPITAL.npy
5851960225980641-HOSPITAL,train,0,HOSPITAL,/content/drive/MyDrive/Kophos_Features_MVP_15/features_mp/train/5851960225980641-HOSPITAL.npy
16499691175444786-HOSPITAL,train,0,HOSPITAL,/content/drive/MyDrive/Kophos_Features_MVP_15/features_mp/train/16499691175444786-HOSPITAL.npy
8842873768781858-HOSPITAL,train,0,HOSPITAL,/content/drive/MyDrive/Kophos_Features_MVP_15/features_mp/train/8842873768781858-HOSPITAL.npy
3284942530084891-HOSPITAL,train,0,HOSPITAL,/content/drive/MyDrive/Kophos_Features_MVP_15/features_mp/train/3284942530084891-HOSPITAL.npy
3759922548209751-HOSPITAL,train,0,HOSPITAL,/content/drive/MyDrive/Kophos_Features_MVP_15/features_mp/train/3759922548209751-HOSPITAL.npy
5903218158401913-HOSPITAL,train,0,HOSPITAL,/content/drive/MyDrive/Kophos_Features_MVP_15/features_mp/train/5903218158401913-HOSPITAL.npy
2816314098780288-HOSPITAL,train,0,HOSPITAL,/content/drive/MyDrive/Kophos_Features_MVP_15/features_mp/train/2816314098780288-HOSPITAL.npy
8311298382278862-HOSPITAL,train,0,HOSPITAL,/content/drive/MyDrive/Kophos_Features_MVP_15/features_mp/train/8311298382278862-HOSPITAL.npy
5986181755240401-HOSPITAL,train,0,HOSPITAL,/content/drive/MyDrive/Kophos_Features_MVP_15/features_mp/train/5986181755240401-HOSPITAL.npy
4315957172962892-HOSPITAL,train,0,HOSPITAL,/content/drive/MyDrive/Kophos_Features_MVP_15/features_mp/train/4315957172962892-HOSPITAL.npy
997878459075781-HOSPITAL,train,0,HOSPITAL,/content/drive/MyDrive/Kophos_Features_MVP_15/features_mp/train/997878459075781-HOSPITAL.npy
7710150320331248-HOSPITAL,train,0,HOSPITAL,/content/drive/MyDrive/Kophos_Features_MVP_15/features_mp/train/7710150320331248-HOSPITAL.npy
08795608187591553-HOSPITAL,train,0,HOSPITAL,/content/drive/MyDrive/Kophos_Features_MVP_15/features_mp/train/08795608187591553-HOSPITAL.npy
513048409174413-HOSPITAL,train,0,HOSPITAL,/content/drive/MyDrive/Kophos_Features_MVP_15/features_mp/train/513048409174413-HOSPITAL.npy
8877316023603796-HOSPITAL,train,0,HOSPITAL,/content/drive/MyDrive/Kophos_Features_MVP_15/features_mp/train/8877316023603796-HOSPITAL.npy
2657292811841865-HOSPITAL,train,0,HOSPITAL,/content/drive/MyDrive/Kophos_Features_MVP_15/features_mp/train/2657292811841865-HOSPITAL.npy
13051783303937703-HOSPITAL,train,0,HOSPITAL,/content/drive/MyDrive/Kophos_Features_MVP_15/features_mp/train/13051783303937703-HOSPITAL.npy
8512749353267319-HOSPITAL,val,0,HOSPITAL,/content/drive/MyDrive/Kophos_Features_MVP_15/features_mp/val/8512749353267319-HOSPITAL.npy
0391236078587216-HOSPITAL,val,0,HOSPITAL,/content/drive/MyDrive/Kophos_Features_MVP_15/features_mp/val/0391236078587216-HOSPITAL.npy
35176220038590755-HOSPITAL,val,0,HOSPITAL,/content/drive/MyDrive/Kophos_Features_MVP_15/features_mp/val/35176220038590755-HOSPITAL.npy
9543121609158431-HOSPITAL,val,0,HOSPITAL,/content/drive/MyDrive/Kophos_Features_MVP_15/features_mp/val/9543121609158431-HOSPITAL.npy
29975883523571745-HOSPITAL,test,0,HOSPITAL,/content/drive/MyDrive/Kophos_Features_MVP_15/features_mp/test/29975883523571745-HOSPITAL.npy
2305871847828358-HOSPITAL,test,0,HOSPITAL,/content/drive/MyDrive/Kophos_Features_MVP_15/features_mp/test/2305871847828358-HOSPITAL.npy
03617049378353854-HOSPITAL,test,0,HOSPITAL,/content/drive/MyDrive/Kophos_Features_MVP_15/features_mp/test/03617049378353854-HOSPITAL.npy
7921373203371331-HOSPITAL,test,0,HOSPITAL,/content/drive/MyDrive/Kophos_Features_MVP_15/features_mp/test/7921373203371331-HOSPITAL.npy
8903687797420998-HOSPITAL,test,0,HOSPITAL,/content/drive/MyDrive/Kophos_Features_MVP_15/features_mp/test/8903687797420998-HOSPITAL.npy
7745075968920678-LAUGH,train,1,LAUGH,/content/drive/MyDrive/Kophos_Features_MVP_15/features_mp/train/7745075968920678-LAUGH.npy
9864088235986115-LAUGH,train,1,LAUGH,/content/drive/MyDrive/Kophos_Features_MVP_15/features_mp/train/9864088235986115-LAUGH.npy
09816533364939106-LAUGH,train,1,LAUGH,/content/drive/MyDrive/Kophos_Features_MVP_15/features_mp/train/09816533364939106-LAUGH.npy
29772346305903574-LAUGH,train,1,LAUGH,/content/drive/MyDrive/Kophos_Features_MVP_15/features_mp/train/29772346305903574-LAUGH.npy
6570083930407538-LAUGH,train,1,LAUGH,/content/drive/MyDrive/Kophos_Features_MVP_15/features_mp/train/6570083930407538-LAUGH.npy
6829906733017252-LAUGH,train,1,LAUGH,/content/drive/MyDrive/Kophos_Features_MVP_15/features_mp/train/6829906733017252-LAUGH.npy
5762479692088036-LAUGH,train,1,LAUGH,/content/drive/MyDrive/Kophos_Features_MVP_15/features_mp/train/5762479692088036-LAUGH.npy
31313230613733456-LAUGH,train,1,LAUGH,/content/drive/MyDrive/Kophos_Features_MVP_15/features_mp/train/31313230613733456-LAUGH.npy
5665029171928315-LAUGH,train,1,LAUGH,/content/drive/MyDrive/Kophos_Features_MVP_15/features_mp/train/5665029171928315-LAUGH.npy
6568993455980712-LAUGH,train,1,LAUGH,/content/drive/MyDrive/Kophos_Features_MVP_15/features_mp/train/6568993455980712-LAUGH.npy
590373652901272-LAUGH,train,1,LAUGH,/content/drive/MyDrive/Kophos_Features_MVP_15/features_mp/train/590373652901272-LAUGH.npy
15675760388381188-LAUGH,train,1,LAUGH,/content/drive/MyDrive/Kophos_Features_MVP_15/features_mp/train/15675760388381188-LAUGH.npy
321780862899838-LAUGH,train,1,LAUGH,/content/drive/MyDrive/Kophos_Features_MVP_15/features_mp/train/321780862899838-LAUGH.npy
5891679001259942-LAUGH,train,1,LAUGH,/content/drive/MyDrive/Kophos_Features_MVP_15/features_mp/train/5891679001259942-LAUGH.npy
2347588252335806-LAUGH,train,1,LAUGH,/content/drive/MyDrive/Kophos_Features_MVP_15/features_mp/train/2347588252335806-LAUGH.npy
7738214402196806-LAUGH,train,1,LAUGH,/content/drive/MyDrive/Kophos_Features_MVP_15/features_mp/train/7738214402196806-LAUGH.npy
6184066307108205-LAUGH,train,1,LAUGH,/content/drive/MyDrive/Kophos_Features_MVP_15/features_mp/train/6184066307108205-LAUGH.npy
6879454583091695-LAUGH,train,1,LAUGH,/content/drive/MyDrive/Kophos_Features_MVP_15/features_mp/train/6879454583091695-LAUGH.npy
3085736615526775-LAUGH,train,1,LAUGH,/content/drive/MyDrive/Kophos_Features_MVP_15/features_mp/train/3085736615526775-LAUGH.npy
18382878977918304-LAUGH,train,1,LAUGH,/content/drive/MyDrive/Kophos_Features_MVP_15/features_mp/train/18382878977918304-LAUGH.npy
2641682510354395-LAUGH,train,1,LAUGH,/content/drive/MyDrive/Kophos_Features_MVP_15/features_mp/train/2641682510354395-LAUGH.npy
6239639358034395-LAUGH,val,1,LAUGH,/content/drive/MyDrive/Kophos_Features_MVP_15/features_mp/val/6239639358034395-LAUGH.npy
1664158622534473-LAUGH,val,1,LAUGH,/content/drive/MyDrive/Kophos_Features_MVP_15/features_mp/val/1664158622534473-LAUGH.npy
4717981941114062-LAUGH,val,1,LAUGH,/content/drive/MyDrive/Kophos_Features_MVP_15/features_mp/val/4717981941114062-LAUGH.npy
6882531392950009-LAUGH,val,1,LAUGH,/content/drive/MyDrive/Kophos_Features_MVP_15/features_mp/val/6882531392950009-LAUGH.npy
09865807461279208-LAUGH,val,1,LAUGH,/content/drive/MyDrive/Kophos_Features_MVP_15/features_mp/val/09865807461279208-LAUGH.npy
5846501904627992-LAUGH,test,1,LAUGH,/content/drive/MyDrive/Kophos_Features_MVP_15/features_mp/test/5846501904627992-LAUGH.npy
6526559072462264-LAUGH,test,1,LAUGH,/content/drive/MyDrive/Kophos_Features_MVP_15/features_mp/test/6526559072462264-LAUGH.npy
8401408233772529-LAUGH,test,1,LAUGH,/content/drive/MyDrive/Kophos_Features_MVP_15/features_mp/test/8401408233772529-LAUGH.npy
11981971032201333-LAUGH,test,1,LAUGH,/content/drive/MyDrive/Kophos_Features_MVP_15/features_mp/test/11981971032201333-LAUGH.npy
03526559401918705-LAUGH,test,1,LAUGH,/content/drive/MyDrive/Kophos_Features_MVP_15/features_mp/test/03526559401918705-LAUGH.npy
21765240452364454-MAKE,train,2,MAKE,/content/drive/MyDrive/Kophos_Features_MVP_15/features_mp/train/21765240452364454-MAKE.npy
932244226778085-MAKE,train,2,MAKE,/content/drive/MyDrive/Kophos_Features_MVP_15/features_mp/train/932244226778085-MAKE.npy
5583246381385951-MAKE,train,2,MAKE,/content/drive/MyDrive/Kophos_Features_MVP_15/features_mp/train/5583246381385951-MAKE.npy
17501981980725656-MAKE,train,2,MAKE,/content/drive/MyDrive/Kophos_Features_MVP_15/features_mp/train/17501981980725656-MAKE.npy
8979367992517029-MAKE,train,2,MAKE,/content/drive/MyDrive/Kophos_Features_MVP_15/features_mp/train/8979367992517029-MAKE.npy
9583259576552383-MAKE,train,2,MAKE,/content/drive/MyDrive/Kophos_Features_MVP_15/features_mp/train/9583259576552383-MAKE.npy
49105647878456105-MAKE,train,2,MAKE,/content/drive/MyDrive/Kophos_Features_MVP_15/features_mp/train/49105647878456105-MAKE.npy
659969610986546-MAKE,train,2,MAKE,/content/drive/MyDrive/Kophos_Features_MVP_15/features_mp/train/659969610986546-MAKE.npy
5844672679220855-MAKE,train,2,MAKE,/content/drive/MyDrive/Kophos_Features_MVP_15/features_mp/train/5844672679220855-MAKE.npy
46445591302051503-MAKE,train,2,MAKE,/content/drive/MyDrive/Kophos_Features_MVP_15/features_mp/train/46445591302051503-MAKE.npy
42608318827919933-MAKE,train,2,MAKE,/content/drive/MyDrive/Kophos_Features_MVP_15/features_mp/train/42608318827919933-MAKE.npy
10010774201312977-MAKE,train,2,MAKE,/content/drive/MyDrive/Kophos_Features_MVP_15/features_mp/train/10010774201312977-MAKE.npy
20003215375757932-MAKE,train,2,MAKE,/content/drive/MyDrive/Kophos_Features_MVP_15/features_mp/train/20003215375757932-MAKE.npy
13169238580393783-MAKE,train,2,MAKE,/content/drive/MyDrive/Kophos_Features_MVP_15/features_mp/train/13169238580393783-MAKE.npy
16526106983233912-MAKE,train,2,MAKE,/content/drive/MyDrive/Kophos_Features_MVP_15/features_mp/train/16526106983233912-MAKE.npy
7416958011863415-MAKE,train,2,MAKE,/content/drive/MyDrive/Kophos_Features_MVP_15/features_mp/train/7416958011863415-MAKE.npy
8323379614148649-MAKE,train,2,MAKE,/content/drive/MyDrive/Kophos_Features_MVP_15/features_mp/train/8323379614148649-MAKE.npy
6386315113243826-MAKE,train,2,MAKE,/content/drive/MyDrive/Kophos_Features_MVP_15/features_mp/train/6386315113243826-MAKE.npy
49594822580076303-MAKE,train,2,MAKE,/content/drive/MyDrive/Kophos_Features_MVP_15/features_mp/train/49594822580076303-MAKE.npy
7576174422043422-MAKE,train,2,MAKE,/content/drive/MyDrive/Kophos_Features_MVP_15/features_mp/train/7576174422043422-MAKE.npy
06915498305351697-MAKE,train,2,MAKE,/content/drive/MyDrive/Kophos_Features_MVP_15/features_mp/train/06915498305351697-MAKE.npy
2656237341874321-MAKE,val,2,MAKE,/content/drive/MyDrive/Kophos_Features_MVP_15/features_mp/val/2656237341874321-MAKE.npy
35685665490030827-MAKE,val,2,MAKE,/content/drive/MyDrive/Kophos_Features_MVP_15/features_mp/val/35685665490030827-MAKE.npy
48360219801328896-MAKE,val,2,MAKE,/content/drive/MyDrive/Kophos_Features_MVP_15/features_mp/val/48360219801328896-MAKE.npy
7874327126099574-MAKE,val,2,MAKE,/content/drive/MyDrive/Kophos_Features_MVP_15/features_mp/val/7874327126099574-MAKE.npy
46006083289905075-MAKE,test,2,MAKE,/content/drive/MyDrive/Kophos_Features_MVP_15/features_mp/test/46006083289905075-MAKE.npy
7631427136670896-MAKE,test,2,MAKE,/content/drive/MyDrive/Kophos_Features_MVP_15/features_mp/test/7631427136670896-MAKE.npy
2953819571296197-MAKE,test,2,MAKE,/content/drive/MyDrive/Kophos_Features_MVP_15/features_mp/test/2953819571296197-MAKE.npy
18229683151860843-MAKE,test,2,MAKE,/content/drive/MyDrive/Kophos_Features_MVP_15/features_mp/test/18229683151860843-MAKE.npy
564947980586459-MAKE,test,2,MAKE,/content/drive/MyDrive/Kophos_Features_MVP_15/features_mp/test/564947980586459-MAKE.npy
5289028229164205-ME,train,3,ME,/content/drive/MyDrive/Kophos_Features_MVP_15/features_mp/train/5289028229164205-ME.npy
5968816675394137-ME,train,3,ME,/content/drive/MyDrive/Kophos_Features_MVP_15/features_mp/train/5968816675394137-ME.npy
7378759651365803-ME,train,3,ME,/content/drive/MyDrive/Kophos_Features_MVP_15/features_mp/train/7378759651365803-ME.npy
11091344459201657-ME,train,3,ME,/content/drive/MyDrive/Kophos_Features_MVP_15/features_mp/train/11091344459201657-ME.npy
5400816124395869-ME,train,3,ME,/content/drive/MyDrive/Kophos_Features_MVP_15/features_mp/train/5400816124395869-ME.npy
34076966817997323-ME,train,3,ME,/content/drive/MyDrive/Kophos_Features_MVP_15/features_mp/train/34076966817997323-ME.npy
6411588958209695-ME,train,3,ME,/content/drive/MyDrive/Kophos_Features_MVP_15/features_mp/train/6411588958209695-ME.npy
4545746926162382-ME,train,3,ME,/content/drive/MyDrive/Kophos_Features_MVP_15/features_mp/train/4545746926162382-ME.npy
35429744496101856-ME,train,3,ME,/content/drive/MyDrive/Kophos_Features_MVP_15/features_mp/train/35429744496101856-ME.npy
8334054758517455-ME,train,3,ME,/content/drive/MyDrive/Kophos_Features_MVP_15/features_mp/train/8334054758517455-ME.npy
6366246076484883-ME,train,3,ME,/content/drive/MyDrive/Kophos_Features_MVP_15/features_mp/train/6366246076484883-ME.npy
0035172227152260316-ME,train,3,ME,/content/drive/MyDrive/Kophos_Features_MVP_15/features_mp/train/0035172227152260316-ME.npy
16214681742267878-ME,train,3,ME,/content/drive/MyDrive/Kophos_Features_MVP_15/features_mp/train/16214681742267878-ME.npy
08622704664772152-ME,train,3,ME,/content/drive/MyDrive/Kophos_Features_MVP_15/features_mp/train/08622704664772152-ME.npy
4318620777117368-ME,train,3,ME,/content/drive/MyDrive/Kophos_Features_MVP_15/features_mp/train/4318620777117368-ME.npy
6421087005073287-ME,train,3,ME,/content/drive/MyDrive/Kophos_Features_MVP_15/features_mp/train/6421087005073287-ME.npy
7227128162421703-ME,train,3,ME,/content/drive/MyDrive/Kophos_Features_MVP_15/features_mp/train/7227128162421703-ME.npy
5706413352425115-ME,train,3,ME,/content/drive/MyDrive/Kophos_Features_MVP_15/features_mp/train/5706413352425115-ME.npy
5724078705072562-ME,train,3,ME,/content/drive/MyDrive/Kophos_Features_MVP_15/features_mp/train/5724078705072562-ME.npy
8941049731507169-ME,train,3,ME,/content/drive/MyDrive/Kophos_Features_MVP_15/features_mp/train/8941049731507169-ME.npy
31080382328753453-ME,val,3,ME,/content/drive/MyDrive/Kophos_Features_MVP_15/features_mp/val/31080382328753453-ME.npy
03554605558492718-ME,val,3,ME,/content/drive/MyDrive/Kophos_Features_MVP_15/features_mp/val/03554605558492718-ME.npy
4372505087382914-ME,val,3,ME,/content/drive/MyDrive/Kophos_Features_MVP_15/features_mp/val/4372505087382914-ME.npy
5691724461344478-ME,val,3,ME,/content/drive/MyDrive/Kophos_Features_MVP_15/features_mp/val/5691724461344478-ME.npy
5834482146577376-ME,test,3,ME,/content/drive/MyDrive/Kophos_Features_MVP_15/features_mp/test/5834482146577376-ME.npy
059398641585320267-ME,test,3,ME,/content/drive/MyDrive/Kophos_Features_MVP_15/features_mp/test/059398641585320267-ME.npy
2576140497310784-ME,test,3,ME,/content/drive/MyDrive/Kophos_Features_MVP_15/features_mp/test/2576140497310784-ME.npy
9101168111350384-ME,test,3,ME,/content/drive/MyDrive/Kophos_Features_MVP_15/features_mp/test/9101168111350384-ME.npy
1506254664622797-ME,test,3,ME,/content/drive/MyDrive/Kophos_Features_MVP_15/features_mp/test/1506254664622797-ME.npy
5597756711675372-NEED,train,4,NEED,/content/drive/MyDrive/Kophos_Features_MVP_15/features_mp/train/5597756711675372-NEED.npy
25388069654637513-NEED,train,4,NEED,/content/drive/MyDrive/Kophos_Features_MVP_15/features_mp/train/25388069654637513-NEED.npy
024661755952086084-NEED,train,4,NEED,/content/drive/MyDrive/Kophos_Features_MVP_15/features_mp/train/024661755952086084-NEED.npy
6613716577421236-NEED,train,4,NEED,/content/drive/MyDrive/Kophos_Features_MVP_15/features_mp/train/6613716577421236-NEED.npy
9701223233159699-NEED,train,4,NEED,/content/drive/MyDrive/Kophos_Features_MVP_15/features_mp/train/9701223233159699-NEED.npy
9788744210187619-NEED,train,4,NEED,/content/drive/MyDrive/Kophos_Features_MVP_15/features_mp/train/9788744210187619-NEED.npy
30879418056454777-NEED,train,4,NEED,/content/drive/MyDrive/Kophos_Features_MVP_15/features_mp/train/30879418056454777-NEED.npy
6280360769360449-NEED,train,4,NEED,/content/drive/MyDrive/Kophos_Features_MVP_15/features_mp/train/6280360769360449-NEED.npy
5754719885013022-NEED,train,4,NEED,/content/drive/MyDrive/Kophos_Features_MVP_15/features_mp/train/5754719885013022-NEED.npy
23302415519785113-NEED,train,4,NEED,/content/drive/MyDrive/Kophos_Features_MVP_15/features_mp/train/23302415519785113-NEED.npy
37372322284413917-NEED,train,4,NEED,/content/drive/MyDrive/Kophos_Features_MVP_15/features_mp/train/37372322284413917-NEED.npy
7542100183321416-NEED,train,4,NEED,/content/drive/MyDrive/Kophos_Features_MVP_15/features_mp/train/7542100183321416-NEED.npy
04669408879006931-NEED,train,4,NEED,/content/drive/MyDrive/Kophos_Features_MVP_15/features_mp/train/04669408879006931-NEED.npy
2957896307414234-NEED,train,4,NEED,/content/drive/MyDrive/Kophos_Features_MVP_15/features_mp/train/2957896307414234-NEED.npy
8022209797799162-NEED,train,4,NEED,/content/drive/MyDrive/Kophos_Features_MVP_15/features_mp/train/8022209797799162-NEED.npy
6330153558265055-NEED,train,4,NEED,/content/drive/MyDrive/Kophos_Features_MVP_15/features_mp/train/6330153558265055-NEED.npy
7657802804409537-NEED,train,4,NEED,/content/drive/MyDrive/Kophos_Features_MVP_15/features_mp/train/7657802804409537-NEED.npy
8848744369087989-NEED,train,4,NEED,/content/drive/MyDrive/Kophos_Features_MVP_15/features_mp/train/8848744369087989-NEED.npy
08573458832549319-NEED,train,4,NEED,/content/drive/MyDrive/Kophos_Features_MVP_15/features_mp/train/08573458832549319-NEED.npy
6892111735827193-NEED,train,4,NEED,/content/drive/MyDrive/Kophos_Features_MVP_15/features_mp/train/6892111735827193-NEED.npy
951965116580737-NEED,val,4,NEED,/content/drive/MyDrive/Kophos_Features_MVP_15/features_mp/val/951965116580737-NEED.npy
6635655797958437-NEED,val,4,NEED,/content/drive/MyDrive/Kophos_Features_MVP_15/features_mp/val/6635655797958437-NEED.npy
28071486967073533-NEED,val,4,NEED,/content/drive/MyDrive/Kophos_Features_MVP_15/features_mp/val/28071486967073533-NEED.npy
3092044477927096-NEED,val,4,NEED,/content/drive/MyDrive/Kophos_Features_MVP_15/features_mp/val/3092044477927096-NEED.npy
0505419163931653-NEED,test,4,NEED,/content/drive/MyDrive/Kophos_Features_MVP_15/features_mp/test/0505419163931653-NEED.npy
09656289044816302-NEED,test,4,NEED,/content/drive/MyDrive/Kophos_Features_MVP_15/features_mp/test/09656289044816302-NEED.npy
3304178516222478-NEED,test,4,NEED,/content/drive/MyDrive/Kophos_Features_MVP_15/features_mp/test/3304178516222478-NEED.npy
8882151630852417-NEED,test,4,NEED,/content/drive/MyDrive/Kophos_Features_MVP_15/features_mp/test/8882151630852417-NEED.npy
5297728342745216-NEED,test,4,NEED,/content/drive/MyDrive/Kophos_Features_MVP_15/features_mp/test/5297728342745216-NEED.npy
6024023486827315-READ,train,5,READ,/content/drive/MyDrive/Kophos_Features_MVP_15/features_mp/train/6024023486827315-READ.npy
3372554058959365-READ,train,5,READ,/content/drive/MyDrive/Kophos_Features_MVP_15/features_mp/train/3372554058959365-READ.npy
4124339150496943-READ,train,5,READ,/content/drive/MyDrive/Kophos_Features_MVP_15/features_mp/train/4124339150496943-READ.npy
44835657742775226-READ,train,5,READ,/content/drive/MyDrive/Kophos_Features_MVP_15/features_mp/train/44835657742775226-READ.npy
9480580549313959-READ,train,5,READ,/content/drive/MyDrive/Kophos_Features_MVP_15/features_mp/train/9480580549313959-READ.npy
920002573608864-READ,train,5,READ,/content/drive/MyDrive/Kophos_Features_MVP_15/features_mp/train/920002573608864-READ.npy
039314365088337855-READ,train,5,READ,/content/drive/MyDrive/Kophos_Features_MVP_15/features_mp/train/039314365088337855-READ.npy
06836612476374282-READ,train,5,READ,/content/drive/MyDrive/Kophos_Features_MVP_15/features_mp/train/06836612476374282-READ.npy
8679847374335452-READ,train,5,READ,/content/drive/MyDrive/Kophos_Features_MVP_15/features_mp/train/8679847374335452-READ.npy
25413373086933655-READ,train,5,READ,/content/drive/MyDrive/Kophos_Features_MVP_15/features_mp/train/25413373086933655-READ.npy
8156740964285663-READ,train,5,READ,/content/drive/MyDrive/Kophos_Features_MVP_15/features_mp/train/8156740964285663-READ.npy
05214904253811725-READ,train,5,READ,/content/drive/MyDrive/Kophos_Features_MVP_15/features_mp/train/05214904253811725-READ.npy
4103900407521166-READ,train,5,READ,/content/drive/MyDrive/Kophos_Features_MVP_15/features_mp/train/4103900407521166-READ.npy
3363898293845027-READ,train,5,READ,/content/drive/MyDrive/Kophos_Features_MVP_15/features_mp/train/3363898293845027-READ.npy
6013462323405956-READ,train,5,READ,/content/drive/MyDrive/Kophos_Features_MVP_15/features_mp/train/6013462323405956-READ.npy
6264899046227357-READ,train,5,READ,/content/drive/MyDrive/Kophos_Features_MVP_15/features_mp/train/6264899046227357-READ.npy
10439418782525745-READ,train,5,READ,/content/drive/MyDrive/Kophos_Features_MVP_15/features_mp/train/10439418782525745-READ.npy
9985068116144047-READ,train,5,READ,/content/drive/MyDrive/Kophos_Features_MVP_15/features_mp/train/9985068116144047-READ.npy
9962526929135627-READ,train,5,READ,/content/drive/MyDrive/Kophos_Features_MVP_15/features_mp/train/9962526929135627-READ.npy
8703954060284524-READ,train,5,READ,/content/drive/MyDrive/Kophos_Features_MVP_15/features_mp/train/8703954060284524-READ.npy
825397870603666-READ,train,5,READ,/content/drive/MyDrive/Kophos_Features_MVP_15/features_mp/train/825397870603666-READ.npy
07700895767889127-READ,train,5,READ,/content/drive/MyDrive/Kophos_Features_MVP_15/features_mp/train/07700895767889127-READ.npy
5471170729843933-READ,train,5,READ,/content/drive/MyDrive/Kophos_Features_MVP_15/features_mp/train/5471170729843933-READ.npy
486521679239563-READ,train,5,READ,/content/drive/MyDrive/Kophos_Features_MVP_15/features_mp/train/486521679239563-READ.npy
9629079342867501-READ,val,5,READ,/content/drive/MyDrive/Kophos_Features_MVP_15/features_mp/val/9629079342867501-READ.npy
21828575560875674-READ,val,5,READ,/content/drive/MyDrive/Kophos_Features_MVP_15/features_mp/val/21828575560875674-READ.npy
7179257483743249-READ,val,5,READ,/content/drive/MyDrive/Kophos_Features_MVP_15/features_mp/val/7179257483743249-READ.npy
07495102384627716-READ,test,5,READ,/content/drive/MyDrive/Kophos_Features_MVP_15/features_mp/test/07495102384627716-READ.npy
11695712459013086-READ,test,5,READ,/content/drive/MyDrive/Kophos_Features_MVP_15/features_mp/test/11695712459013086-READ.npy
49657630896098426-READ,test,5,READ,/content/drive/MyDrive/Kophos_Features_MVP_15/features_mp/test/49657630896098426-READ.npy
042108112572596834-SHOW,train,6,SHOW,/content/drive/MyDrive/Kophos_Features_MVP_15/features_mp/train/042108112572596834-SHOW.npy
11889140444825674-SHOW,train,6,SHOW,/content/drive/MyDrive/Kophos_Features_MVP_15/features_mp/train/11889140444825674-SHOW.npy
20298892697180704-SHOW,train,6,SHOW,/content/drive/MyDrive/Kophos_Features_MVP_15/features_mp/train/20298892697180704-SHOW.npy
8725106492066892-SHOW,train,6,SHOW,/content/drive/MyDrive/Kophos_Features_MVP_15/features_mp/train/8725106492066892-SHOW.npy
5638884516081213-SHOW,train,6,SHOW,/content/drive/MyDrive/Kophos_Features_MVP_15/features_mp/train/5638884516081213-SHOW.npy
5874260647139629-SHOW,train,6,SHOW,/content/drive/MyDrive/Kophos_Features_MVP_15/features_mp/train/5874260647139629-SHOW.npy
17569839562454304-SHOW,train,6,SHOW,/content/drive/MyDrive/Kophos_Features_MVP_15/features_mp/train/17569839562454304-SHOW.npy
4735262621167744-SHOW,train,6,SHOW,/content/drive/MyDrive/Kophos_Features_MVP_15/features_mp/train/4735262621167744-SHOW.npy
392526939154934-SHOW,train,6,SHOW,/content/drive/MyDrive/Kophos_Features_MVP_15/features_mp/train/392526939154934-SHOW.npy
4586425708304669-SHOW,train,6,SHOW,/content/drive/MyDrive/Kophos_Features_MVP_15/features_mp/train/4586425708304669-SHOW.npy
9019212346811638-SHOW,train,6,SHOW,/content/drive/MyDrive/Kophos_Features_MVP_15/features_mp/train/9019212346811638-SHOW.npy
7254792418208131-SHOW,train,6,SHOW,/content/drive/MyDrive/Kophos_Features_MVP_15/features_mp/train/7254792418208131-SHOW.npy
6938338914033659-SHOW,train,6,SHOW,/content/drive/MyDrive/Kophos_Features_MVP_15/features_mp/train/6938338914033659-SHOW.npy
13885945719859394-SHOW,train,6,SHOW,/content/drive/MyDrive/Kophos_Features_MVP_15/features_mp/train/13885945719859394-SHOW.npy
5395219513651961-SHOW,train,6,SHOW,/content/drive/MyDrive/Kophos_Features_MVP_15/features_mp/train/5395219513651961-SHOW.npy
2777784847144027-SHOW,train,6,SHOW,/content/drive/MyDrive/Kophos_Features_MVP_15/features_mp/train/2777784847144027-SHOW.npy
22206095570444595-SHOW,train,6,SHOW,/content/drive/MyDrive/Kophos_Features_MVP_15/features_mp/train/22206095570444595-SHOW.npy
22977877961428916-SHOW,train,6,SHOW,/content/drive/MyDrive/Kophos_Features_MVP_15/features_mp/train/22977877961428916-SHOW.npy
9351731569091157-SHOW,train,6,SHOW,/content/drive/MyDrive/Kophos_Features_MVP_15/features_mp/train/9351731569091157-SHOW.npy
5730378232143578-SHOW,train,6,SHOW,/content/drive/MyDrive/Kophos_Features_MVP_15/features_mp/train/5730378232143578-SHOW.npy
5665911030039517-SHOW,train,6,SHOW,/content/drive/MyDrive/Kophos_Features_MVP_15/features_mp/train/5665911030039517-SHOW.npy
23498393550327323-SHOW,val,6,SHOW,/content/drive/MyDrive/Kophos_Features_MVP_15/features_mp/val/23498393550327323-SHOW.npy
8066288865216531-SHOW,val,6,SHOW,/content/drive/MyDrive/Kophos_Features_MVP_15/features_mp/val/8066288865216531-SHOW.npy
6574144734991056-SHOW,val,6,SHOW,/content/drive/MyDrive/Kophos_Features_MVP_15/features_mp/val/6574144734991056-SHOW.npy
7172369637604381-SHOW,test,6,SHOW,/content/drive/MyDrive/Kophos_Features_MVP_15/features_mp/test/7172369637604381-SHOW.npy
7661574386097922-SHOW,test,6,SHOW,/content/drive/MyDrive/Kophos_Features_MVP_15/features_mp/test/7661574386097922-SHOW.npy
4570422523366495-SHOW,test,6,SHOW,/content/drive/MyDrive/Kophos_Features_MVP_15/features_mp/test/4570422523366495-SHOW.npy
27723416720074834-START,train,7,START,/content/drive/MyDrive/Kophos_Features_MVP_15/features_mp/train/27723416720074834-START.npy
7318461225950741-START,train,7,START,/content/drive/MyDrive/Kophos_Features_MVP_15/features_mp/train/7318461225950741-START.npy
18446305030701837-START,train,7,START,/content/drive/MyDrive/Kophos_Features_MVP_15/features_mp/train/18446305030701837-START.npy
801970867640186-START,train,7,START,/content/drive/MyDrive/Kophos_Features_MVP_15/features_mp/train/801970867640186-START.npy
880391746148123-START,train,7,START,/content/drive/MyDrive/Kophos_Features_MVP_15/features_mp/train/880391746148123-START.npy
1228899835934687-START,train,7,START,/content/drive/MyDrive/Kophos_Features_MVP_15/features_mp/train/1228899835934687-START.npy
6036512594628762-START,train,7,START,/content/drive/MyDrive/Kophos_Features_MVP_15/features_mp/train/6036512594628762-START.npy
04372360875999326-START,train,7,START,/content/drive/MyDrive/Kophos_Features_MVP_15/features_mp/train/04372360875999326-START.npy
3732575384926575-START,train,7,START,/content/drive/MyDrive/Kophos_Features_MVP_15/features_mp/train/3732575384926575-START.npy
3528429322583728-START,train,7,START,/content/drive/MyDrive/Kophos_Features_MVP_15/features_mp/train/3528429322583728-START.npy
8601200936840461-START,train,7,START,/content/drive/MyDrive/Kophos_Features_MVP_15/features_mp/train/8601200936840461-START.npy
9284158991408038-START,train,7,START,/content/drive/MyDrive/Kophos_Features_MVP_15/features_mp/train/9284158991408038-START.npy
2730441796872136-START,train,7,START,/content/drive/MyDrive/Kophos_Features_MVP_15/features_mp/train/2730441796872136-START.npy
8795618014543152-START,train,7,START,/content/drive/MyDrive/Kophos_Features_MVP_15/features_mp/train/8795618014543152-START.npy
4664356046166651-START,train,7,START,/content/drive/MyDrive/Kophos_Features_MVP_15/features_mp/train/4664356046166651-START.npy
4607474006256995-START,train,7,START,/content/drive/MyDrive/Kophos_Features_MVP_15/features_mp/train/4607474006256995-START.npy
43058639110125596-START,train,7,START,/content/drive/MyDrive/Kophos_Features_MVP_15/features_mp/train/43058639110125596-START.npy
39098476735830334-START,train,7,START,/content/drive/MyDrive/Kophos_Features_MVP_15/features_mp/train/39098476735830334-START.npy
037584338939091744-START,train,7,START,/content/drive/MyDrive/Kophos_Features_MVP_15/features_mp/train/037584338939091744-START.npy
03244901112340237-START,train,7,START,/content/drive/MyDrive/Kophos_Features_MVP_15/features_mp/train/03244901112340237-START.npy
9763774623412582-START,train,7,START,/content/drive/MyDrive/Kophos_Features_MVP_15/features_mp/train/9763774623412582-START.npy
7416169812825322-START,train,7,START,/content/drive/MyDrive/Kophos_Features_MVP_15/features_mp/train/7416169812825322-START.npy
959479246086911-START,train,7,START,/content/drive/MyDrive/Kophos_Features_MVP_15/features_mp/train/959479246086911-START.npy
9901180674407162-START,val,7,START,/content/drive/MyDrive/Kophos_Features_MVP_15/features_mp/val/9901180674407162-START.npy
8898769288524875-START,val,7,START,/content/drive/MyDrive/Kophos_Features_MVP_15/features_mp/val/8898769288524875-START.npy
4265612639832259-START,val,7,START,/content/drive/MyDrive/Kophos_Features_MVP_15/features_mp/val/4265612639832259-START.npy
09899721690579599-START,test,7,START,/content/drive/MyDrive/Kophos_Features_MVP_15/features_mp/test/09899721690579599-START.npy
4303906374123354-START,test,7,START,/content/drive/MyDrive/Kophos_Features_MVP_15/features_mp/test/4303906374123354-START.npy
861933051770718-START,test,7,START,/content/drive/MyDrive/Kophos_Features_MVP_15/features_mp/test/861933051770718-START.npy
08870380386555654-STOP,train,8,STOP,/content/drive/MyDrive/Kophos_Features_MVP_15/features_mp/train/08870380386555654-STOP.npy
38330302294288865-STOP,train,8,STOP,/content/drive/MyDrive/Kophos_Features_MVP_15/features_mp/train/38330302294288865-STOP.npy
1461467422069449-STOP,train,8,STOP,/content/drive/MyDrive/Kophos_Features_MVP_15/features_mp/train/1461467422069449-STOP.npy
07893366237759558-STOP,train,8,STOP,/content/drive/MyDrive/Kophos_Features_MVP_15/features_mp/train/07893366237759558-STOP.npy
787967286498557-STOP,train,8,STOP,/content/drive/MyDrive/Kophos_Features_MVP_15/features_mp/train/787967286498557-STOP.npy
49400025068696496-STOP,train,8,STOP,/content/drive/MyDrive/Kophos_Features_MVP_15/features_mp/train/49400025068696496-STOP.npy
692674622436245-STOP,train,8,STOP,/content/drive/MyDrive/Kophos_Features_MVP_15/features_mp/train/692674622436245-STOP.npy
7757946316597986-STOP,train,8,STOP,/content/drive/MyDrive/Kophos_Features_MVP_15/features_mp/train/7757946316597986-STOP.npy
7606933944529259-STOP,train,8,STOP,/content/drive/MyDrive/Kophos_Features_MVP_15/features_mp/train/7606933944529259-STOP.npy
6922819981617203-STOP,train,8,STOP,/content/drive/MyDrive/Kophos_Features_MVP_15/features_mp/train/6922819981617203-STOP.npy
4382853991304725-STOP,train,8,STOP,/content/drive/MyDrive/Kophos_Features_MVP_15/features_mp/train/4382853991304725-STOP.npy
5241068902608812-STOP,train,8,STOP,/content/drive/MyDrive/Kophos_Features_MVP_15/features_mp/train/5241068902608812-STOP.npy
10938335699122836-STOP,train,8,STOP,/content/drive/MyDrive/Kophos_Features_MVP_15/features_mp/train/10938335699122836-STOP.npy
6529230226346452-STOP,train,8,STOP,/content/drive/MyDrive/Kophos_Features_MVP_15/features_mp/train/6529230226346452-STOP.npy
9586306157625994-STOP,train,8,STOP,/content/drive/MyDrive/Kophos_Features_MVP_15/features_mp/train/9586306157625994-STOP.npy
8893256597213444-STOP,train,8,STOP,/content/drive/MyDrive/Kophos_Features_MVP_15/features_mp/train/8893256597213444-STOP.npy
975560309489212-STOP,train,8,STOP,/content/drive/MyDrive/Kophos_Features_MVP_15/features_mp/train/975560309489212-STOP.npy
16617331553945736-STOP,train,8,STOP,/content/drive/MyDrive/Kophos_Features_MVP_15/features_mp/train/16617331553945736-STOP.npy
31921160795841863-STOP,train,8,STOP,/content/drive/MyDrive/Kophos_Features_MVP_15/features_mp/train/31921160795841863-STOP.npy
564285386999722-STOP,train,8,STOP,/content/drive/MyDrive/Kophos_Features_MVP_15/features_mp/train/564285386999722-STOP.npy
19109474570600948-STOP,train,8,STOP,/content/drive/MyDrive/Kophos_Features_MVP_15/features_mp/train/19109474570600948-STOP.npy
6864058804402533-STOP,train,8,STOP,/content/drive/MyDrive/Kophos_Features_MVP_15/features_mp/train/6864058804402533-STOP.npy
6679488064816475-STOP,train,8,STOP,/content/drive/MyDrive/Kophos_Features_MVP_15/features_mp/train/6679488064816475-STOP.npy
21416838482074008-STOP,train,8,STOP,/content/drive/MyDrive/Kophos_Features_MVP_15/features_mp/train/21416838482074008-STOP.npy
12188061798454708-STOP,val,8,STOP,/content/drive/MyDrive/Kophos_Features_MVP_15/features_mp/val/12188061798454708-STOP.npy
815577675920792-STOP,val,8,STOP,/content/drive/MyDrive/Kophos_Features_MVP_15/features_mp/val/815577675920792-STOP.npy
35024304836544506-STOP,val,8,STOP,/content/drive/MyDrive/Kophos_Features_MVP_15/features_mp/val/35024304836544506-STOP.npy
680707762189654-STOP,test,8,STOP,/content/drive/MyDrive/Kophos_Features_MVP_15/features_mp/test/680707762189654-STOP.npy
5495256812953944-STOP,test,8,STOP,/content/drive/MyDrive/Kophos_Features_MVP_15/features_mp/test/5495256812953944-STOP.npy
21963390619756917-STOP,test,8,STOP,/content/drive/MyDrive/Kophos_Features_MVP_15/features_mp/test/21963390619756917-STOP.npy
7980791622967522-TELL,train,9,TELL,/content/drive/MyDrive/Kophos_Features_MVP_15/features_mp/train/7980791622967522-TELL.npy
1784447552931374-TELL,train,9,TELL,/content/drive/MyDrive/Kophos_Features_MVP_15/features_mp/train/1784447552931374-TELL.npy
5949109292240677-TELL,train,9,TELL,/content/drive/MyDrive/Kophos_Features_MVP_15/features_mp/train/5949109292240677-TELL.npy
33746486664369946-TELL,train,9,TELL,/content/drive/MyDrive/Kophos_Features_MVP_15/features_mp/train/33746486664369946-TELL.npy
9622466467630577-TELL,train,9,TELL,/content/drive/MyDrive/Kophos_Features_MVP_15/features_mp/train/9622466467630577-TELL.npy
051465824178710706-TELL,train,9,TELL,/content/drive/MyDrive/Kophos_Features_MVP_15/features_mp/train/051465824178710706-TELL.npy
682290148919185-TELL,train,9,TELL,/content/drive/MyDrive/Kophos_Features_MVP_15/features_mp/train/682290148919185-TELL.npy
6851460951757296-TELL,train,9,TELL,/content/drive/MyDrive/Kophos_Features_MVP_15/features_mp/train/6851460951757296-TELL.npy
6954996399612601-TELL,train,9,TELL,/content/drive/MyDrive/Kophos_Features_MVP_15/features_mp/train/6954996399612601-TELL.npy
41922372703553545-TELL,train,9,TELL,/content/drive/MyDrive/Kophos_Features_MVP_15/features_mp/train/41922372703553545-TELL.npy
22517045161179094-TELL,train,9,TELL,/content/drive/MyDrive/Kophos_Features_MVP_15/features_mp/train/22517045161179094-TELL.npy
3377761068886662-TELL,train,9,TELL,/content/drive/MyDrive/Kophos_Features_MVP_15/features_mp/train/3377761068886662-TELL.npy
587281120326582-TELL,train,9,TELL,/content/drive/MyDrive/Kophos_Features_MVP_15/features_mp/train/587281120326582-TELL.npy
22448269867455983-TELL,train,9,TELL,/content/drive/MyDrive/Kophos_Features_MVP_15/features_mp/train/22448269867455983-TELL.npy
9662843888411099-TELL,train,9,TELL,/content/drive/MyDrive/Kophos_Features_MVP_15/features_mp/train/9662843888411099-TELL.npy
6813710286182664-TELL,train,9,TELL,/content/drive/MyDrive/Kophos_Features_MVP_15/features_mp/train/6813710286182664-TELL.npy
22047412457689952-TELL,train,9,TELL,/content/drive/MyDrive/Kophos_Features_MVP_15/features_mp/train/22047412457689952-TELL.npy
9517356256695517-TELL,train,9,TELL,/content/drive/MyDrive/Kophos_Features_MVP_15/features_mp/train/9517356256695517-TELL.npy
5118902560831018-TELL,train,9,TELL,/content/drive/MyDrive/Kophos_Features_MVP_15/features_mp/train/5118902560831018-TELL.npy
3823509508410865-TELL,train,9,TELL,/content/drive/MyDrive/Kophos_Features_MVP_15/features_mp/train/3823509508410865-TELL.npy
43522383341418003-TELL,train,9,TELL,/content/drive/MyDrive/Kophos_Features_MVP_15/features_mp/train/43522383341418003-TELL.npy
03799834629318344-TELL,train,9,TELL,/content/drive/MyDrive/Kophos_Features_MVP_15/features_mp/train/03799834629318344-TELL.npy
02205485916234662-TELL,train,9,TELL,/content/drive/MyDrive/Kophos_Features_MVP_15/features_mp/train/02205485916234662-TELL.npy
030859863529683285-TELL,val,9,TELL,/content/drive/MyDrive/Kophos_Features_MVP_15/features_mp/val/030859863529683285-TELL.npy
1173534189335208-TELL,val,9,TELL,/content/drive/MyDrive/Kophos_Features_MVP_15/features_mp/val/1173534189335208-TELL.npy
2251508961669051-TELL,val,9,TELL,/content/drive/MyDrive/Kophos_Features_MVP_15/features_mp/val/2251508961669051-TELL.npy
39911303417002464-TELL,test,9,TELL,/content/drive/MyDrive/Kophos_Features_MVP_15/features_mp/test/39911303417002464-TELL.npy
9546720188783062-TELL,test,9,TELL,/content/drive/MyDrive/Kophos_Features_MVP_15/features_mp/test/9546720188783062-TELL.npy
9885883612306223-TELL,test,9,TELL,/content/drive/MyDrive/Kophos_Features_MVP_15/features_mp/test/9885883612306223-TELL.npy
5965960580596394-THINK,train,10,THINK,/content/drive/MyDrive/Kophos_Features_MVP_15/features_mp/train/5965960580596394-THINK.npy
32286789380855874-THINK,train,10,THINK,/content/drive/MyDrive/Kophos_Features_MVP_15/features_mp/train/32286789380855874-THINK.npy
5338341147221657-THINK,train,10,THINK,/content/drive/MyDrive/Kophos_Features_MVP_15/features_mp/train/5338341147221657-THINK.npy
5342802354346374-THINK,train,10,THINK,/content/drive/MyDrive/Kophos_Features_MVP_15/features_mp/train/5342802354346374-THINK.npy
06170286063004182-THINK,train,10,THINK,/content/drive/MyDrive/Kophos_Features_MVP_15/features_mp/train/06170286063004182-THINK.npy
16629744901108845-THINK,train,10,THINK,/content/drive/MyDrive/Kophos_Features_MVP_15/features_mp/train/16629744901108845-THINK.npy
7815332110154865-THINK,train,10,THINK,/content/drive/MyDrive/Kophos_Features_MVP_15/features_mp/train/7815332110154865-THINK.npy
7219677772800852-THINK,train,10,THINK,/content/drive/MyDrive/Kophos_Features_MVP_15/features_mp/train/7219677772800852-THINK.npy
2736869319842712-THINK,train,10,THINK,/content/drive/MyDrive/Kophos_Features_MVP_15/features_mp/train/2736869319842712-THINK.npy
8178850636707293-THINK,train,10,THINK,/content/drive/MyDrive/Kophos_Features_MVP_15/features_mp/train/8178850636707293-THINK.npy
2903285066765289-THINK,train,10,THINK,/content/drive/MyDrive/Kophos_Features_MVP_15/features_mp/train/2903285066765289-THINK.npy
31962282125568064-THINK,train,10,THINK,/content/drive/MyDrive/Kophos_Features_MVP_15/features_mp/train/31962282125568064-THINK.npy
9182418417855749-THINK,train,10,THINK,/content/drive/MyDrive/Kophos_Features_MVP_15/features_mp/train/9182418417855749-THINK.npy
1900191486784637-THINK,train,10,THINK,/content/drive/MyDrive/Kophos_Features_MVP_15/features_mp/train/1900191486784637-THINK.npy
5977762842020984-THINK,train,10,THINK,/content/drive/MyDrive/Kophos_Features_MVP_15/features_mp/train/5977762842020984-THINK.npy
8569232579936605-THINK,train,10,THINK,/content/drive/MyDrive/Kophos_Features_MVP_15/features_mp/train/8569232579936605-THINK.npy
46593950586469-THINK,train,10,THINK,/content/drive/MyDrive/Kophos_Features_MVP_15/features_mp/train/46593950586469-THINK.npy
9516214129149208-THINK,train,10,THINK,/content/drive/MyDrive/Kophos_Features_MVP_15/features_mp/train/9516214129149208-THINK.npy
5942910381149817-THINK,train,10,THINK,/content/drive/MyDrive/Kophos_Features_MVP_15/features_mp/train/5942910381149817-THINK.npy
4478704526203494-THINK,train,10,THINK,/content/drive/MyDrive/Kophos_Features_MVP_15/features_mp/train/4478704526203494-THINK.npy
1931829449490161-THINK,train,10,THINK,/content/drive/MyDrive/Kophos_Features_MVP_15/features_mp/train/1931829449490161-THINK.npy
6318484937161617-THINK,train,10,THINK,/content/drive/MyDrive/Kophos_Features_MVP_15/features_mp/train/6318484937161617-THINK.npy
954911942661782-THINK,train,10,THINK,/content/drive/MyDrive/Kophos_Features_MVP_15/features_mp/train/954911942661782-THINK.npy
26212242869528013-THINK,train,10,THINK,/content/drive/MyDrive/Kophos_Features_MVP_15/features_mp/train/26212242869528013-THINK.npy
08518084784288305-THINK,val,10,THINK,/content/drive/MyDrive/Kophos_Features_MVP_15/features_mp/val/08518084784288305-THINK.npy
8410803588889355-THINK,val,10,THINK,/content/drive/MyDrive/Kophos_Features_MVP_15/features_mp/val/8410803588889355-THINK.npy
8981918903910342-THINK,val,10,THINK,/content/drive/MyDrive/Kophos_Features_MVP_15/features_mp/val/8981918903910342-THINK.npy
5556596744977407-THINK,test,10,THINK,/content/drive/MyDrive/Kophos_Features_MVP_15/features_mp/test/5556596744977407-THINK.npy
4958280251317906-THINK,test,10,THINK,/content/drive/MyDrive/Kophos_Features_MVP_15/features_mp/test/4958280251317906-THINK.npy
7763349468767458-THINK,test,10,THINK,/content/drive/MyDrive/Kophos_Features_MVP_15/features_mp/test/7763349468767458-THINK.npy
020805068247292002-TO,train,11,TO,/content/drive/MyDrive/Kophos_Features_MVP_15/features_mp/train/020805068247292002-TO.npy
7311352446331734-TO,train,11,TO,/content/drive/MyDrive/Kophos_Features_MVP_15/features_mp/train/7311352446331734-TO.npy
793970673925166-TO,train,11,TO,/content/drive/MyDrive/Kophos_Features_MVP_15/features_mp/train/793970673925166-TO.npy
04515584665453254-TO,train,11,TO,/content/drive/MyDrive/Kophos_Features_MVP_15/features_mp/train/04515584665453254-TO.npy
6557753720396031-TO,train,11,TO,/content/drive/MyDrive/Kophos_Features_MVP_15/features_mp/train/6557753720396031-TO.npy
18609107139990644-TO,train,11,TO,/content/drive/MyDrive/Kophos_Features_MVP_15/features_mp/train/18609107139990644-TO.npy
5356379452910163-TO,train,11,TO,/content/drive/MyDrive/Kophos_Features_MVP_15/features_mp/train/5356379452910163-TO.npy
5326028430917451-TO,train,11,TO,/content/drive/MyDrive/Kophos_Features_MVP_15/features_mp/train/5326028430917451-TO.npy
39434248558375007-TO,train,11,TO,/content/drive/MyDrive/Kophos_Features_MVP_15/features_mp/train/39434248558375007-TO.npy
22542192344070688-TO,train,11,TO,/content/drive/MyDrive/Kophos_Features_MVP_15/features_mp/train/22542192344070688-TO.npy
6101010190720713-TO,train,11,TO,/content/drive/MyDrive/Kophos_Features_MVP_15/features_mp/train/6101010190720713-TO.npy
5708302500749316-TO,train,11,TO,/content/drive/MyDrive/Kophos_Features_MVP_15/features_mp/train/5708302500749316-TO.npy
9115665363510697-TO,train,11,TO,/content/drive/MyDrive/Kophos_Features_MVP_15/features_mp/train/9115665363510697-TO.npy
955671121006822-TO,train,11,TO,/content/drive/MyDrive/Kophos_Features_MVP_15/features_mp/train/955671121006822-TO.npy
3151159609618235-TO,train,11,TO,/content/drive/MyDrive/Kophos_Features_MVP_15/features_mp/train/3151159609618235-TO.npy
9758520719152322-TO,train,11,TO,/content/drive/MyDrive/Kophos_Features_MVP_15/features_mp/train/9758520719152322-TO.npy
33660180354254776-TO,train,11,TO,/content/drive/MyDrive/Kophos_Features_MVP_15/features_mp/train/33660180354254776-TO.npy
6225463381067158-TO,train,11,TO,/content/drive/MyDrive/Kophos_Features_MVP_15/features_mp/train/6225463381067158-TO.npy
7783205613186133-TO,train,11,TO,/content/drive/MyDrive/Kophos_Features_MVP_15/features_mp/train/7783205613186133-TO.npy
5869972126630754-TO,train,11,TO,/content/drive/MyDrive/Kophos_Features_MVP_15/features_mp/train/5869972126630754-TO.npy
5661810479332601-TO,train,11,TO,/content/drive/MyDrive/Kophos_Features_MVP_15/features_mp/train/5661810479332601-TO.npy
9899842959117846-TO,train,11,TO,/content/drive/MyDrive/Kophos_Features_MVP_15/features_mp/train/9899842959117846-TO.npy
4370636527220899-TO,val,11,TO,/content/drive/MyDrive/Kophos_Features_MVP_15/features_mp/val/4370636527220899-TO.npy
6057977195540294-TO,val,11,TO,/content/drive/MyDrive/Kophos_Features_MVP_15/features_mp/val/6057977195540294-TO.npy
2708877100927527-TO,val,11,TO,/content/drive/MyDrive/Kophos_Features_MVP_15/features_mp/val/2708877100927527-TO.npy
5155946397296289-TO,test,11,TO,/content/drive/MyDrive/Kophos_Features_MVP_15/features_mp/test/5155946397296289-TO.npy
11077818738004175-TO,test,11,TO,/content/drive/MyDrive/Kophos_Features_MVP_15/features_mp/test/11077818738004175-TO.npy
48253131456940523-TO,test,11,TO,/content/drive/MyDrive/Kophos_Features_MVP_15/features_mp/test/48253131456940523-TO.npy
7903893233633115-UNDERSTAND,train,12,UNDERSTAND,/content/drive/MyDrive/Kophos_Features_MVP_15/features_mp/train/7903893233633115-UNDERSTAND.npy
31049412762325446-UNDERSTAND,train,12,UNDERSTAND,/content/drive/MyDrive/Kophos_Features_MVP_15/features_mp/train/31049412762325446-UNDERSTAND.npy
6810397598953175-UNDERSTAND,train,12,UNDERSTAND,/content/drive/MyDrive/Kophos_Features_MVP_15/features_mp/train/6810397598953175-UNDERSTAND.npy
9663239092789866-UNDERSTAND,train,12,UNDERSTAND,/content/drive/MyDrive/Kophos_Features_MVP_15/features_mp/train/9663239092789866-UNDERSTAND.npy
2374155228317818-UNDERSTAND,train,12,UNDERSTAND,/content/drive/MyDrive/Kophos_Features_MVP_15/features_mp/train/2374155228317818-UNDERSTAND.npy
6191415507296982-UNDERSTAND,train,12,UNDERSTAND,/content/drive/MyDrive/Kophos_Features_MVP_15/features_mp/train/6191415507296982-UNDERSTAND.npy
27832701315476815-UNDERSTAND,train,12,UNDERSTAND,/content/drive/MyDrive/Kophos_Features_MVP_15/features_mp/train/27832701315476815-UNDERSTAND.npy
3018334807491294-UNDERSTAND,train,12,UNDERSTAND,/content/drive/MyDrive/Kophos_Features_MVP_15/features_mp/train/3018334807491294-UNDERSTAND.npy
2999107393441156-UNDERSTAND,train,12,UNDERSTAND,/content/drive/MyDrive/Kophos_Features_MVP_15/features_mp/train/2999107393441156-UNDERSTAND.npy
8604241021179426-UNDERSTAND,train,12,UNDERSTAND,/content/drive/MyDrive/Kophos_Features_MVP_15/features_mp/train/8604241021179426-UNDERSTAND.npy
941475953685674-UNDERSTAND,train,12,UNDERSTAND,/content/drive/MyDrive/Kophos_Features_MVP_15/features_mp/train/941475953685674-UNDERSTAND.npy
6762437534373142-UNDERSTAND,train,12,UNDERSTAND,/content/drive/MyDrive/Kophos_Features_MVP_15/features_mp/train/6762437534373142-UNDERSTAND.npy
6605969835390502-UNDERSTAND,train,12,UNDERSTAND,/content/drive/MyDrive/Kophos_Features_MVP_15/features_mp/train/6605969835390502-UNDERSTAND.npy
5190569218964376-UNDERSTAND,train,12,UNDERSTAND,/content/drive/MyDrive/Kophos_Features_MVP_15/features_mp/train/5190569218964376-UNDERSTAND.npy
6745834273988278-UNDERSTAND,train,12,UNDERSTAND,/content/drive/MyDrive/Kophos_Features_MVP_15/features_mp/train/6745834273988278-UNDERSTAND.npy
4268222409175071-UNDERSTAND,train,12,UNDERSTAND,/content/drive/MyDrive/Kophos_Features_MVP_15/features_mp/train/4268222409175071-UNDERSTAND.npy
030959011181703078-UNDERSTAND,train,12,UNDERSTAND,/content/drive/MyDrive/Kophos_Features_MVP_15/features_mp/train/030959011181703078-UNDERSTAND.npy
6593382490905721-UNDERSTAND,train,12,UNDERSTAND,/content/drive/MyDrive/Kophos_Features_MVP_15/features_mp/train/6593382490905721-UNDERSTAND.npy
40550375821025386-UNDERSTAND,train,12,UNDERSTAND,/content/drive/MyDrive/Kophos_Features_MVP_15/features_mp/train/40550375821025386-UNDERSTAND.npy
6424637597161564-UNDERSTAND,train,12,UNDERSTAND,/content/drive/MyDrive/Kophos_Features_MVP_15/features_mp/train/6424637597161564-UNDERSTAND.npy
40156343723600907-UNDERSTAND,train,12,UNDERSTAND,/content/drive/MyDrive/Kophos_Features_MVP_15/features_mp/train/40156343723600907-UNDERSTAND.npy
0497069696398067-UNDERSTAND,train,12,UNDERSTAND,/content/drive/MyDrive/Kophos_Features_MVP_15/features_mp/train/0497069696398067-UNDERSTAND.npy
6508787541133374-UNDERSTAND,train,12,UNDERSTAND,/content/drive/MyDrive/Kophos_Features_MVP_15/features_mp/train/6508787541133374-UNDERSTAND.npy
9618610602589022-UNDERSTAND,train,12,UNDERSTAND,/content/drive/MyDrive/Kophos_Features_MVP_15/features_mp/train/9618610602589022-UNDERSTAND.npy
6504234134902995-UNDERSTAND,val,12,UNDERSTAND,/content/drive/MyDrive/Kophos_Features_MVP_15/features_mp/val/6504234134902995-UNDERSTAND.npy
5169212541197368-UNDERSTAND,val,12,UNDERSTAND,/content/drive/MyDrive/Kophos_Features_MVP_15/features_mp/val/5169212541197368-UNDERSTAND.npy
8071758688201891-UNDERSTAND,val,12,UNDERSTAND,/content/drive/MyDrive/Kophos_Features_MVP_15/features_mp/val/8071758688201891-UNDERSTAND.npy
4687993210650012-UNDERSTAND,test,12,UNDERSTAND,/content/drive/MyDrive/Kophos_Features_MVP_15/features_mp/test/4687993210650012-UNDERSTAND.npy
2621288608804102-UNDERSTAND,test,12,UNDERSTAND,/content/drive/MyDrive/Kophos_Features_MVP_15/features_mp/test/2621288608804102-UNDERSTAND.npy
9717361996927067-UNDERSTAND,test,12,UNDERSTAND,/content/drive/MyDrive/Kophos_Features_MVP_15/features_mp/test/9717361996927067-UNDERSTAND.npy
1376861841044581-UNDERSTAND,test,12,UNDERSTAND,/content/drive/MyDrive/Kophos_Features_MVP_15/features_mp/test/1376861841044581-UNDERSTAND.npy
15263395462454632-WAIT,train,13,WAIT,/content/drive/MyDrive/Kophos_Features_MVP_15/features_mp/train/15263395462454632-WAIT.npy
8220736980572507-WAIT,train,13,WAIT,/content/drive/MyDrive/Kophos_Features_MVP_15/features_mp/train/8220736980572507-WAIT.npy
384440946378765-WAIT,train,13,WAIT,/content/drive/MyDrive/Kophos_Features_MVP_15/features_mp/train/384440946378765-WAIT.npy
7918796234967189-WAIT,train,13,WAIT,/content/drive/MyDrive/Kophos_Features_MVP_15/features_mp/train/7918796234967189-WAIT.npy
431834858238225-WAIT,train,13,WAIT,/content/drive/MyDrive/Kophos_Features_MVP_15/features_mp/train/431834858238225-WAIT.npy
6363494051663907-WAIT,train,13,WAIT,/content/drive/MyDrive/Kophos_Features_MVP_15/features_mp/train/6363494051663907-WAIT.npy
6462406278843633-WAIT,train,13,WAIT,/content/drive/MyDrive/Kophos_Features_MVP_15/features_mp/train/6462406278843633-WAIT.npy
6692766688263203-WAIT,train,13,WAIT,/content/drive/MyDrive/Kophos_Features_MVP_15/features_mp/train/6692766688263203-WAIT.npy
7613568684951131-WAIT,train,13,WAIT,/content/drive/MyDrive/Kophos_Features_MVP_15/features_mp/train/7613568684951131-WAIT.npy
6368510219023522-WAIT,train,13,WAIT,/content/drive/MyDrive/Kophos_Features_MVP_15/features_mp/train/6368510219023522-WAIT.npy
19418271966399425-WAIT,train,13,WAIT,/content/drive/MyDrive/Kophos_Features_MVP_15/features_mp/train/19418271966399425-WAIT.npy
8607947465067156-WAIT,train,13,WAIT,/content/drive/MyDrive/Kophos_Features_MVP_15/features_mp/train/8607947465067156-WAIT.npy
9783535742177485-WAIT,train,13,WAIT,/content/drive/MyDrive/Kophos_Features_MVP_15/features_mp/train/9783535742177485-WAIT.npy
0863524332460317-WAIT,train,13,WAIT,/content/drive/MyDrive/Kophos_Features_MVP_15/features_mp/train/0863524332460317-WAIT.npy
3372774069388451-WAIT,train,13,WAIT,/content/drive/MyDrive/Kophos_Features_MVP_15/features_mp/train/3372774069388451-WAIT.npy
6530795087181671-WAIT,train,13,WAIT,/content/drive/MyDrive/Kophos_Features_MVP_15/features_mp/train/6530795087181671-WAIT.npy
524881037999334-WAIT,train,13,WAIT,/content/drive/MyDrive/Kophos_Features_MVP_15/features_mp/train/524881037999334-WAIT.npy
8270409786931296-WAIT,train,13,WAIT,/content/drive/MyDrive/Kophos_Features_MVP_15/features_mp/train/8270409786931296-WAIT.npy
72369024028368-WAIT,train,13,WAIT,/content/drive/MyDrive/Kophos_Features_MVP_15/features_mp/train/72369024028368-WAIT.npy
5185122660022305-WAIT,train,13,WAIT,/content/drive/MyDrive/Kophos_Features_MVP_15/features_mp/train/5185122660022305-WAIT.npy
031074918450269218-WAIT,train,13,WAIT,/content/drive/MyDrive/Kophos_Features_MVP_15/features_mp/train/031074918450269218-WAIT.npy
624921199330932-WAIT,train,13,WAIT,/content/drive/MyDrive/Kophos_Features_MVP_15/features_mp/train/624921199330932-WAIT.npy
8068498353201266-WAIT,train,13,WAIT,/content/drive/MyDrive/Kophos_Features_MVP_15/features_mp/train/8068498353201266-WAIT.npy
6807479789190645-WAIT,val,13,WAIT,/content/drive/MyDrive/Kophos_Features_MVP_15/features_mp/val/6807479789190645-WAIT.npy
4219284432732393-WAIT,val,13,WAIT,/content/drive/MyDrive/Kophos_Features_MVP_15/features_mp/val/4219284432732393-WAIT.npy
5205785031120291-WAIT,val,13,WAIT,/content/drive/MyDrive/Kophos_Features_MVP_15/features_mp/val/5205785031120291-WAIT.npy
25762006967045403-WAIT,test,13,WAIT,/content/drive/MyDrive/Kophos_Features_MVP_15/features_mp/test/25762006967045403-WAIT.npy
7743737332850424-WAIT,test,13,WAIT,/content/drive/MyDrive/Kophos_Features_MVP_15/features_mp/test/7743737332850424-WAIT.npy
5419469718181713-WAIT,test,13,WAIT,/content/drive/MyDrive/Kophos_Features_MVP_15/features_mp/test/5419469718181713-WAIT.npy
0736334414323001-WANT,train,14,WANT,/content/drive/MyDrive/Kophos_Features_MVP_15/features_mp/train/0736334414323001-WANT.npy
006759596328494544-WANT,train,14,WANT,/content/drive/MyDrive/Kophos_Features_MVP_15/features_mp/train/006759596328494544-WANT.npy
5893101049934577-WANT,train,14,WANT,/content/drive/MyDrive/Kophos_Features_MVP_15/features_mp/train/5893101049934577-WANT.npy
8459253067700705-WANT,train,14,WANT,/content/drive/MyDrive/Kophos_Features_MVP_15/features_mp/train/8459253067700705-WANT.npy
3243330513888747-WANT,train,14,WANT,/content/drive/MyDrive/Kophos_Features_MVP_15/features_mp/train/3243330513888747-WANT.npy
41884104518222887-WANT,train,14,WANT,/content/drive/MyDrive/Kophos_Features_MVP_15/features_mp/train/41884104518222887-WANT.npy
3330583417668693-WANT,train,14,WANT,/content/drive/MyDrive/Kophos_Features_MVP_15/features_mp/train/3330583417668693-WANT.npy
4764899254063222-WANT,train,14,WANT,/content/drive/MyDrive/Kophos_Features_MVP_15/features_mp/train/4764899254063222-WANT.npy
7018981359142265-WANT,train,14,WANT,/content/drive/MyDrive/Kophos_Features_MVP_15/features_mp/train/7018981359142265-WANT.npy
530531684380597-WANT,train,14,WANT,/content/drive/MyDrive/Kophos_Features_MVP_15/features_mp/train/530531684380597-WANT.npy
02600379174001821-WANT,train,14,WANT,/content/drive/MyDrive/Kophos_Features_MVP_15/features_mp/train/02600379174001821-WANT.npy
3806176742244156-WANT,train,14,WANT,/content/drive/MyDrive/Kophos_Features_MVP_15/features_mp/train/3806176742244156-WANT.npy
49163773457742876-WANT,train,14,WANT,/content/drive/MyDrive/Kophos_Features_MVP_15/features_mp/train/49163773457742876-WANT.npy
7361516326952664-WANT,train,14,WANT,/content/drive/MyDrive/Kophos_Features_MVP_15/features_mp/train/7361516326952664-WANT.npy
10421760727572105-WANT,train,14,WANT,/content/drive/MyDrive/Kophos_Features_MVP_15/features_mp/train/10421760727572105-WANT.npy
6285630118257322-WANT,train,14,WANT,/content/drive/MyDrive/Kophos_Features_MVP_15/features_mp/train/6285630118257322-WANT.npy
9310781022563859-WANT,train,14,WANT,/content/drive/MyDrive/Kophos_Features_MVP_15/features_mp/train/9310781022563859-WANT.npy
2155045647013336-WANT,train,14,WANT,/content/drive/MyDrive/Kophos_Features_MVP_15/features_mp/train/2155045647013336-WANT.npy
823110623400116-WANT,train,14,WANT,/content/drive/MyDrive/Kophos_Features_MVP_15/features_mp/train/823110623400116-WANT.npy
4912279937692121-WANT,train,14,WANT,/content/drive/MyDrive/Kophos_Features_MVP_15/features_mp/train/4912279937692121-WANT.npy
1549671141661335-WANT,train,14,WANT,/content/drive/MyDrive/Kophos_Features_MVP_15/features_mp/train/1549671141661335-WANT.npy
35453002868935335-WANT,train,14,WANT,/content/drive/MyDrive/Kophos_Features_MVP_15/features_mp/train/35453002868935335-WANT.npy
7340640373745668-WANT,train,14,WANT,/content/drive/MyDrive/Kophos_Features_MVP_15/features_mp/train/7340640373745668-WANT.npy
28865913696775825-WANT,val,14,WANT,/content/drive/MyDrive/Kophos_Features_MVP_15/features_mp/val/28865913696775825-WANT.npy
7315299526625414-WANT,val,14,WANT,/content/drive/MyDrive/Kophos_Features_MVP_15/features_mp/val/7315299526625414-WANT.npy
4112986912815155-WANT,val,14,WANT,/content/drive/MyDrive/Kophos_Features_MVP_15/features_mp/val/4112986912815155-WANT.npy
0379196499588077-WANT,test,14,WANT,/content/drive/MyDrive/Kophos_Features_MVP_15/features_mp/test/0379196499588077-WANT.npy
5676022999784702-WANT,test,14,WANT,/content/drive/MyDrive/Kophos_Features_MVP_15/features_mp/test/5676022999784702-WANT.npy
5935927846691731-WANT,test,14,WANT,/content/drive/MyDrive/Kophos_Features_MVP_15/features_mp/test/5935927846691731-WANT.npy
35097013272968836-WRITE,train,15,WRITE,/content/drive/MyDrive/Kophos_Features_MVP_15/features_mp/train/35097013272968836-WRITE.npy
9959384247496594-WRITE,train,15,WRITE,/content/drive/MyDrive/Kophos_Features_MVP_15/features_mp/train/9959384247496594-WRITE.npy
9207650208931104-WRITE,train,15,WRITE,/content/drive/MyDrive/Kophos_Features_MVP_15/features_mp/train/9207650208931104-WRITE.npy
0999990986760626-WRITE,train,15,WRITE,/content/drive/MyDrive/Kophos_Features_MVP_15/features_mp/train/0999990986760626-WRITE.npy
582860551991583-WRITE,train,15,WRITE,/content/drive/MyDrive/Kophos_Features_MVP_15/features_mp/train/582860551991583-WRITE.npy
8940834130363486-WRITE,train,15,WRITE,/content/drive/MyDrive/Kophos_Features_MVP_15/features_mp/train/8940834130363486-WRITE.npy
7389026313346527-WRITE,train,15,WRITE,/content/drive/MyDrive/Kophos_Features_MVP_15/features_mp/train/7389026313346527-WRITE.npy
4950540994948227-WRITE,train,15,WRITE,/content/drive/MyDrive/Kophos_Features_MVP_15/features_mp/train/4950540994948227-WRITE.npy
19978233231036002-WRITE,train,15,WRITE,/content/drive/MyDrive/Kophos_Features_MVP_15/features_mp/train/19978233231036002-WRITE.npy
618543700116903-WRITE,train,15,WRITE,/content/drive/MyDrive/Kophos_Features_MVP_15/features_mp/train/618543700116903-WRITE.npy
6080391494064927-WRITE,train,15,WRITE,/content/drive/MyDrive/Kophos_Features_MVP_15/features_mp/train/6080391494064927-WRITE.npy
16452616343668436-WRITE,train,15,WRITE,/content/drive/MyDrive/Kophos_Features_MVP_15/features_mp/train/16452616343668436-WRITE.npy
3482678416066407-WRITE,train,15,WRITE,/content/drive/MyDrive/Kophos_Features_MVP_15/features_mp/train/3482678416066407-WRITE.npy
2570647676865354-WRITE,train,15,WRITE,/content/drive/MyDrive/Kophos_Features_MVP_15/features_mp/train/2570647676865354-WRITE.npy
28644332710493026-WRITE,train,15,WRITE,/content/drive/MyDrive/Kophos_Features_MVP_15/features_mp/train/28644332710493026-WRITE.npy
0940927928215547-WRITE,train,15,WRITE,/content/drive/MyDrive/Kophos_Features_MVP_15/features_mp/train/0940927928215547-WRITE.npy
7241712002802467-WRITE,train,15,WRITE,/content/drive/MyDrive/Kophos_Features_MVP_15/features_mp/train/7241712002802467-WRITE.npy
39100553497986446-WRITE,train,15,WRITE,/content/drive/MyDrive/Kophos_Features_MVP_15/features_mp/train/39100553497986446-WRITE.npy
8695896404892567-WRITE,train,15,WRITE,/content/drive/MyDrive/Kophos_Features_MVP_15/features_mp/train/8695896404892567-WRITE.npy
9173898440387622-WRITE,train,15,WRITE,/content/drive/MyDrive/Kophos_Features_MVP_15/features_mp/train/9173898440387622-WRITE.npy
17177027793632993-WRITE,train,15,WRITE,/content/drive/MyDrive/Kophos_Features_MVP_15/features_mp/train/17177027793632993-WRITE.npy
7326855771738956-WRITE,train,15,WRITE,/content/drive/MyDrive/Kophos_Features_MVP_15/features_mp/train/7326855771738956-WRITE.npy
4390289106690757-WRITE,train,15,WRITE,/content/drive/MyDrive/Kophos_Features_MVP_15/features_mp/train/4390289106690757-WRITE.npy
1508156580679143-WRITE,train,15,WRITE,/content/drive/MyDrive/Kophos_Features_MVP_15/features_mp/train/1508156580679143-WRITE.npy
038974698230258786-WRITE,val,15,WRITE,/content/drive/MyDrive/Kophos_Features_MVP_15/features_mp/val/038974698230258786-WRITE.npy
8903054743444117-WRITE,val,15,WRITE,/content/drive/MyDrive/Kophos_Features_MVP_15/features_mp/val/8903054743444117-WRITE.npy
49076375253453164-WRITE,val,15,WRITE,/content/drive/MyDrive/Kophos_Features_MVP_15/features_mp/val/49076375253453164-WRITE.npy
32579010273379394-WRITE,test,15,WRITE,/content/drive/MyDrive/Kophos_Features_MVP_15/features_mp/test/32579010273379394-WRITE.npy
8379501891533077-WRITE,test,15,WRITE,/content/drive/MyDrive/Kophos_Features_MVP_15/features_mp/test/8379501891533077-WRITE.npy
41981255125221795-WRITE,test,15,WRITE,/content/drive/MyDrive/Kophos_Features_MVP_15/features_mp/test/41981255125221795-WRITE.npy
